passenger_id,passenger_arrival_time,origin_vertiport_id,destination_vertiport_id
0,124.0,DTLA,LAX
1,455.0,DTLA,LAX
2,912.0,DTLA,LAX
3,2280.0,DTLA,LAX
4,2447.0,DTLA,LAX
5,2505.0,DTLA,LAX
6,2990.0,DTLA,LAX
7,6024.0,DTLA,LAX
8,8394.0,DTLA,LAX
9,10483.0,DTLA,LAX
10,10549.0,DTLA,LAX
11,10706.0,DTLA,LAX
12,10838.0,DTLA,LAX
13,10872.0,DTLA,LAX
14,11094.0,DTLA,LAX
15,11298.0,DTLA,LAX
16,11421.0,DTLA,LAX
17,11665.0,DTLA,LAX
18,11870.0,DTLA,LAX
19,11933.0,DTLA,LAX
20,12241.0,DTLA,LAX
21,12265.0,DTLA,LAX
22,12475.0,DTLA,LAX
23,12485.0,DTLA,LAX
24,12546.0,DTLA,LAX
25,12638.0,DTLA,LAX
26,12676.0,DTLA,LAX
27,12707.0,DTLA,LAX
28,12853.0,DTLA,LAX
29,12892.0,DTLA,LAX
30,12903.0,DTLA,LAX
31,13111.0,DTLA,LAX
32,13142.0,DTLA,LAX
33,13145.0,DTLA,LAX
34,13148.0,DTLA,LAX
35,13321.0,DTLA,LAX
36,13450.0,DTLA,LAX
37,13595.0,DTLA,LAX
38,13709.0,DTLA,LAX
39,13782.0,DTLA,LAX
40,13826.0,DTLA,LAX
41,13835.0,DTLA,LAX
42,13847.0,DTLA,LAX
43,13929.0,DTLA,LAX
44,14014.0,DTLA,LAX
45,14032.0,DTLA,LAX
46,14078.0,DTLA,LAX
47,14098.0,DTLA,LAX
48,14110.0,DTLA,LAX
49,14184.0,DTLA,LAX
50,14358.0,DTLA,LAX
51,14496.0,DTLA,LAX
52,14578.0,DTLA,LAX
53,14624.0,DTLA,LAX
54,14645.0,DTLA,LAX
55,14676.0,DTLA,LAX
56,14738.0,DTLA,LAX
57,14814.0,DTLA,LAX
58,14838.0,DTLA,LAX
59,14867.0,DTLA,LAX
60,15108.0,DTLA,LAX
61,15115.0,DTLA,LAX
62,15144.0,DTLA,LAX
63,15198.0,DTLA,LAX
64,15217.0,DTLA,LAX
65,15495.0,DTLA,LAX
66,15529.0,DTLA,LAX
67,15541.0,DTLA,LAX
68,15551.0,DTLA,LAX
69,15564.0,DTLA,LAX
70,15598.0,DTLA,LAX
71,15632.0,DTLA,LAX
72,15644.0,DTLA,LAX
73,15693.0,DTLA,LAX
74,15726.0,DTLA,LAX
75,15872.0,DTLA,LAX
76,15878.0,DTLA,LAX
77,15951.0,DTLA,LAX
78,16118.0,DTLA,LAX
79,16244.0,DTLA,LAX
80,16257.0,DTLA,LAX
81,16276.0,DTLA,LAX
82,16393.0,DTLA,LAX
83,16428.0,DTLA,LAX
84,16523.0,DTLA,LAX
85,16536.0,DTLA,LAX
86,16566.0,DTLA,LAX
87,16571.0,DTLA,LAX
88,16629.0,DTLA,LAX
89,16638.0,DTLA,LAX
90,16709.0,DTLA,LAX
91,16797.0,DTLA,LAX
92,16830.0,DTLA,LAX
93,16831.0,DTLA,LAX
94,16849.0,DTLA,LAX
95,16942.0,DTLA,LAX
96,16970.0,DTLA,LAX
97,16978.0,DTLA,LAX
98,16997.0,DTLA,LAX
99,17016.0,DTLA,LAX
100,17018.0,DTLA,LAX
101,17039.0,DTLA,LAX
102,17061.0,DTLA,LAX
103,17109.0,DTLA,LAX
104,17119.0,DTLA,LAX
105,17121.0,DTLA,LAX
106,17350.0,DTLA,LAX
107,17534.0,DTLA,LAX
108,17546.0,DTLA,LAX
109,17591.0,DTLA,LAX
110,17615.0,DTLA,LAX
111,17680.0,DTLA,LAX
112,17727.0,DTLA,LAX
113,17743.0,DTLA,LAX
114,17744.0,DTLA,LAX
115,17776.0,DTLA,LAX
116,17788.0,DTLA,LAX
117,17803.0,DTLA,LAX
118,17834.0,DTLA,LAX
119,17861.0,DTLA,LAX
120,17926.0,DTLA,LAX
121,18016.0,DTLA,LAX
122,18016.0,DTLA,LAX
123,18043.0,DTLA,LAX
124,18137.0,DTLA,LAX
125,18220.0,DTLA,LAX
126,18227.0,DTLA,LAX
127,18258.0,DTLA,LAX
128,18393.0,DTLA,LAX
129,18429.0,DTLA,LAX
130,18489.0,DTLA,LAX
131,18536.0,DTLA,LAX
132,18545.0,DTLA,LAX
133,18569.0,DTLA,LAX
134,18573.0,DTLA,LAX
135,18596.0,DTLA,LAX
136,18612.0,DTLA,LAX
137,18637.0,DTLA,LAX
138,18733.0,DTLA,LAX
139,18740.0,DTLA,LAX
140,18891.0,DTLA,LAX
141,18903.0,DTLA,LAX
142,18905.0,DTLA,LAX
143,19004.0,DTLA,LAX
144,19045.0,DTLA,LAX
145,19074.0,DTLA,LAX
146,19126.0,DTLA,LAX
147,19156.0,DTLA,LAX
148,19213.0,DTLA,LAX
149,19218.0,DTLA,LAX
150,19274.0,DTLA,LAX
151,19302.0,DTLA,LAX
152,19363.0,DTLA,LAX
153,19655.0,DTLA,LAX
154,19713.0,DTLA,LAX
155,19721.0,DTLA,LAX
156,19761.0,DTLA,LAX
157,19804.0,DTLA,LAX
158,19808.0,DTLA,LAX
159,19852.0,DTLA,LAX
160,19968.0,DTLA,LAX
161,20081.0,DTLA,LAX
162,20117.0,DTLA,LAX
163,20121.0,DTLA,LAX
164,20159.0,DTLA,LAX
165,20168.0,DTLA,LAX
166,20186.0,DTLA,LAX
167,20242.0,DTLA,LAX
168,20290.0,DTLA,LAX
169,20291.0,DTLA,LAX
170,20311.0,DTLA,LAX
171,20406.0,DTLA,LAX
172,20414.0,DTLA,LAX
173,20429.0,DTLA,LAX
174,20440.0,DTLA,LAX
175,20470.0,DTLA,LAX
176,20595.0,DTLA,LAX
177,20638.0,DTLA,LAX
178,20648.0,DTLA,LAX
179,20650.0,DTLA,LAX
180,20785.0,DTLA,LAX
181,20883.0,DTLA,LAX
182,20887.0,DTLA,LAX
183,20906.0,DTLA,LAX
184,21008.0,DTLA,LAX
185,21060.0,DTLA,LAX
186,21144.0,DTLA,LAX
187,21201.0,DTLA,LAX
188,21339.0,DTLA,LAX
189,21345.0,DTLA,LAX
190,21378.0,DTLA,LAX
191,21478.0,DTLA,LAX
192,21512.0,DTLA,LAX
193,21543.0,DTLA,LAX
194,21545.0,DTLA,LAX
195,21577.0,DTLA,LAX
196,21649.0,DTLA,LAX
197,21708.0,DTLA,LAX
198,21715.0,DTLA,LAX
199,21742.0,DTLA,LAX
200,21802.0,DTLA,LAX
201,21837.0,DTLA,LAX
202,21912.0,DTLA,LAX
203,21965.0,DTLA,LAX
204,21984.0,DTLA,LAX
205,21999.0,DTLA,LAX
206,22019.0,DTLA,LAX
207,22052.0,DTLA,LAX
208,22140.0,DTLA,LAX
209,22185.0,DTLA,LAX
210,22274.0,DTLA,LAX
211,22291.0,DTLA,LAX
212,22314.0,DTLA,LAX
213,22323.0,DTLA,LAX
214,22389.0,DTLA,LAX
215,22397.0,DTLA,LAX
216,22449.0,DTLA,LAX
217,22496.0,DTLA,LAX
218,22509.0,DTLA,LAX
219,22533.0,DTLA,LAX
220,22548.0,DTLA,LAX
221,22552.0,DTLA,LAX
222,22555.0,DTLA,LAX
223,22588.0,DTLA,LAX
224,22591.0,DTLA,LAX
225,22645.0,DTLA,LAX
226,22725.0,DTLA,LAX
227,22809.0,DTLA,LAX
228,22825.0,DTLA,LAX
229,22855.0,DTLA,LAX
230,22862.0,DTLA,LAX
231,22900.0,DTLA,LAX
232,22905.0,DTLA,LAX
233,23030.0,DTLA,LAX
234,23056.0,DTLA,LAX
235,23140.0,DTLA,LAX
236,23147.0,DTLA,LAX
237,23161.0,DTLA,LAX
238,23205.0,DTLA,LAX
239,23225.0,DTLA,LAX
240,23450.0,DTLA,LAX
241,23457.0,DTLA,LAX
242,23569.0,DTLA,LAX
243,23578.0,DTLA,LAX
244,23609.0,DTLA,LAX
245,23627.0,DTLA,LAX
246,23648.0,DTLA,LAX
247,23655.0,DTLA,LAX
248,23719.0,DTLA,LAX
249,23775.0,DTLA,LAX
250,23810.0,DTLA,LAX
251,23843.0,DTLA,LAX
252,23866.0,DTLA,LAX
253,23912.0,DTLA,LAX
254,24005.0,DTLA,LAX
255,24044.0,DTLA,LAX
256,24103.0,DTLA,LAX
257,24177.0,DTLA,LAX
258,24211.0,DTLA,LAX
259,24246.0,DTLA,LAX
260,24266.0,DTLA,LAX
261,24284.0,DTLA,LAX
262,24306.0,DTLA,LAX
263,24309.0,DTLA,LAX
264,24329.0,DTLA,LAX
265,24348.0,DTLA,LAX
266,24406.0,DTLA,LAX
267,24425.0,DTLA,LAX
268,24447.0,DTLA,LAX
269,24502.0,DTLA,LAX
270,24512.0,DTLA,LAX
271,24569.0,DTLA,LAX
272,24578.0,DTLA,LAX
273,24797.0,DTLA,LAX
274,24811.0,DTLA,LAX
275,24831.0,DTLA,LAX
276,24994.0,DTLA,LAX
277,25055.0,DTLA,LAX
278,25056.0,DTLA,LAX
279,25064.0,DTLA,LAX
280,25146.0,DTLA,LAX
281,25180.0,DTLA,LAX
282,25214.0,DTLA,LAX
283,25214.0,DTLA,LAX
284,25289.0,DTLA,LAX
285,25293.0,DTLA,LAX
286,25312.0,DTLA,LAX
287,25354.0,DTLA,LAX
288,25493.0,DTLA,LAX
289,25551.0,DTLA,LAX
290,25586.0,DTLA,LAX
291,25623.0,DTLA,LAX
292,25626.0,DTLA,LAX
293,25633.0,DTLA,LAX
294,25694.0,DTLA,LAX
295,25738.0,DTLA,LAX
296,25801.0,DTLA,LAX
297,25815.0,DTLA,LAX
298,25973.0,DTLA,LAX
299,26016.0,DTLA,LAX
300,26122.0,DTLA,LAX
301,26151.0,DTLA,LAX
302,26187.0,DTLA,LAX
303,26188.0,DTLA,LAX
304,26262.0,DTLA,LAX
305,26337.0,DTLA,LAX
306,26348.0,DTLA,LAX
307,26385.0,DTLA,LAX
308,26466.0,DTLA,LAX
309,26502.0,DTLA,LAX
310,26513.0,DTLA,LAX
311,26552.0,DTLA,LAX
312,26647.0,DTLA,LAX
313,26688.0,DTLA,LAX
314,26721.0,DTLA,LAX
315,26745.0,DTLA,LAX
316,26844.0,DTLA,LAX
317,26887.0,DTLA,LAX
318,26896.0,DTLA,LAX
319,26904.0,DTLA,LAX
320,26949.0,DTLA,LAX
321,26997.0,DTLA,LAX
322,27052.0,DTLA,LAX
323,27096.0,DTLA,LAX
324,27157.0,DTLA,LAX
325,27230.0,DTLA,LAX
326,27317.0,DTLA,LAX
327,27352.0,DTLA,LAX
328,27357.0,DTLA,LAX
329,27364.0,DTLA,LAX
330,27435.0,DTLA,LAX
331,27477.0,DTLA,LAX
332,27504.0,DTLA,LAX
333,27530.0,DTLA,LAX
334,27580.0,DTLA,LAX
335,27588.0,DTLA,LAX
336,27628.0,DTLA,LAX
337,27651.0,DTLA,LAX
338,27716.0,DTLA,LAX
339,27788.0,DTLA,LAX
340,27906.0,DTLA,LAX
341,27949.0,DTLA,LAX
342,27989.0,DTLA,LAX
343,28007.0,DTLA,LAX
344,28039.0,DTLA,LAX
345,28149.0,DTLA,LAX
346,28151.0,DTLA,LAX
347,28177.0,DTLA,LAX
348,28204.0,DTLA,LAX
349,28220.0,DTLA,LAX
350,28272.0,DTLA,LAX
351,28283.0,DTLA,LAX
352,28431.0,DTLA,LAX
353,28456.0,DTLA,LAX
354,28556.0,DTLA,LAX
355,28655.0,DTLA,LAX
356,28658.0,DTLA,LAX
357,28683.0,DTLA,LAX
358,28871.0,DTLA,LAX
359,28882.0,DTLA,LAX
360,28945.0,DTLA,LAX
361,28976.0,DTLA,LAX
362,29037.0,DTLA,LAX
363,29085.0,DTLA,LAX
364,29105.0,DTLA,LAX
365,29125.0,DTLA,LAX
366,29139.0,DTLA,LAX
367,29241.0,DTLA,LAX
368,29292.0,DTLA,LAX
369,29292.0,DTLA,LAX
370,29324.0,DTLA,LAX
371,29375.0,DTLA,LAX
372,29499.0,DTLA,LAX
373,29503.0,DTLA,LAX
374,29505.0,DTLA,LAX
375,29599.0,DTLA,LAX
376,29713.0,DTLA,LAX
377,29838.0,DTLA,LAX
378,29860.0,DTLA,LAX
379,29924.0,DTLA,LAX
380,29940.0,DTLA,LAX
381,30054.0,DTLA,LAX
382,30150.0,DTLA,LAX
383,30217.0,DTLA,LAX
384,30219.0,DTLA,LAX
385,30240.0,DTLA,LAX
386,30273.0,DTLA,LAX
387,30307.0,DTLA,LAX
388,30315.0,DTLA,LAX
389,30319.0,DTLA,LAX
390,30374.0,DTLA,LAX
391,30410.0,DTLA,LAX
392,30423.0,DTLA,LAX
393,30452.0,DTLA,LAX
394,30488.0,DTLA,LAX
395,30535.0,DTLA,LAX
396,30547.0,DTLA,LAX
397,30570.0,DTLA,LAX
398,30580.0,DTLA,LAX
399,30588.0,DTLA,LAX
400,30615.0,DTLA,LAX
401,30623.0,DTLA,LAX
402,30700.0,DTLA,LAX
403,30807.0,DTLA,LAX
404,30940.0,DTLA,LAX
405,30963.0,DTLA,LAX
406,30985.0,DTLA,LAX
407,31008.0,DTLA,LAX
408,31043.0,DTLA,LAX
409,31095.0,DTLA,LAX
410,31100.0,DTLA,LAX
411,31130.0,DTLA,LAX
412,31331.0,DTLA,LAX
413,31355.0,DTLA,LAX
414,31372.0,DTLA,LAX
415,31446.0,DTLA,LAX
416,31455.0,DTLA,LAX
417,31468.0,DTLA,LAX
418,31498.0,DTLA,LAX
419,31610.0,DTLA,LAX
420,31649.0,DTLA,LAX
421,31670.0,DTLA,LAX
422,31679.0,DTLA,LAX
423,31684.0,DTLA,LAX
424,31689.0,DTLA,LAX
425,31763.0,DTLA,LAX
426,31794.0,DTLA,LAX
427,31846.0,DTLA,LAX
428,31906.0,DTLA,LAX
429,31961.0,DTLA,LAX
430,32065.0,DTLA,LAX
431,32160.0,DTLA,LAX
432,32186.0,DTLA,LAX
433,32237.0,DTLA,LAX
434,32286.0,DTLA,LAX
435,32346.0,DTLA,LAX
436,32543.0,DTLA,LAX
437,32572.0,DTLA,LAX
438,32612.0,DTLA,LAX
439,32633.0,DTLA,LAX
440,32702.0,DTLA,LAX
441,32801.0,DTLA,LAX
442,32841.0,DTLA,LAX
443,32876.0,DTLA,LAX
444,32914.0,DTLA,LAX
445,32956.0,DTLA,LAX
446,32969.0,DTLA,LAX
447,32992.0,DTLA,LAX
448,32997.0,DTLA,LAX
449,33103.0,DTLA,LAX
450,33117.0,DTLA,LAX
451,33204.0,DTLA,LAX
452,33278.0,DTLA,LAX
453,33287.0,DTLA,LAX
454,33306.0,DTLA,LAX
455,33365.0,DTLA,LAX
456,33431.0,DTLA,LAX
457,33480.0,DTLA,LAX
458,33554.0,DTLA,LAX
459,33572.0,DTLA,LAX
460,33669.0,DTLA,LAX
461,33807.0,DTLA,LAX
462,33808.0,DTLA,LAX
463,33818.0,DTLA,LAX
464,33818.0,DTLA,LAX
465,33846.0,DTLA,LAX
466,33850.0,DTLA,LAX
467,33887.0,DTLA,LAX
468,33895.0,DTLA,LAX
469,33927.0,DTLA,LAX
470,34022.0,DTLA,LAX
471,34032.0,DTLA,LAX
472,34043.0,DTLA,LAX
473,34104.0,DTLA,LAX
474,34121.0,DTLA,LAX
475,34132.0,DTLA,LAX
476,34155.0,DTLA,LAX
477,34176.0,DTLA,LAX
478,34198.0,DTLA,LAX
479,34207.0,DTLA,LAX
480,34262.0,DTLA,LAX
481,34292.0,DTLA,LAX
482,34337.0,DTLA,LAX
483,34363.0,DTLA,LAX
484,34369.0,DTLA,LAX
485,34385.0,DTLA,LAX
486,34405.0,DTLA,LAX
487,34412.0,DTLA,LAX
488,34458.0,DTLA,LAX
489,34463.0,DTLA,LAX
490,34502.0,DTLA,LAX
491,34518.0,DTLA,LAX
492,34533.0,DTLA,LAX
493,34576.0,DTLA,LAX
494,34589.0,DTLA,LAX
495,34628.0,DTLA,LAX
496,34664.0,DTLA,LAX
497,34666.0,DTLA,LAX
498,34688.0,DTLA,LAX
499,34730.0,DTLA,LAX
500,34734.0,DTLA,LAX
501,34743.0,DTLA,LAX
502,34755.0,DTLA,LAX
503,34774.0,DTLA,LAX
504,34823.0,DTLA,LAX
505,34856.0,DTLA,LAX
506,34921.0,DTLA,LAX
507,34983.0,DTLA,LAX
508,34994.0,DTLA,LAX
509,35018.0,DTLA,LAX
510,35041.0,DTLA,LAX
511,35072.0,DTLA,LAX
512,35134.0,DTLA,LAX
513,35153.0,DTLA,LAX
514,35165.0,DTLA,LAX
515,35168.0,DTLA,LAX
516,35188.0,DTLA,LAX
517,35346.0,DTLA,LAX
518,35433.0,DTLA,LAX
519,35494.0,DTLA,LAX
520,35513.0,DTLA,LAX
521,35786.0,DTLA,LAX
522,36076.0,DTLA,LAX
523,36085.0,DTLA,LAX
524,36122.0,DTLA,LAX
525,36152.0,DTLA,LAX
526,36221.0,DTLA,LAX
527,36243.0,DTLA,LAX
528,36293.0,DTLA,LAX
529,36328.0,DTLA,LAX
530,36334.0,DTLA,LAX
531,36339.0,DTLA,LAX
532,36348.0,DTLA,LAX
533,36358.0,DTLA,LAX
534,36416.0,DTLA,LAX
535,36463.0,DTLA,LAX
536,36504.0,DTLA,LAX
537,36650.0,DTLA,LAX
538,36669.0,DTLA,LAX
539,36675.0,DTLA,LAX
540,36716.0,DTLA,LAX
541,36722.0,DTLA,LAX
542,36756.0,DTLA,LAX
543,36771.0,DTLA,LAX
544,36908.0,DTLA,LAX
545,36926.0,DTLA,LAX
546,37080.0,DTLA,LAX
547,37111.0,DTLA,LAX
548,37275.0,DTLA,LAX
549,37280.0,DTLA,LAX
550,37344.0,DTLA,LAX
551,37355.0,DTLA,LAX
552,37438.0,DTLA,LAX
553,37643.0,DTLA,LAX
554,37676.0,DTLA,LAX
555,37697.0,DTLA,LAX
556,37716.0,DTLA,LAX
557,37774.0,DTLA,LAX
558,37776.0,DTLA,LAX
559,37789.0,DTLA,LAX
560,37872.0,DTLA,LAX
561,37887.0,DTLA,LAX
562,37944.0,DTLA,LAX
563,37964.0,DTLA,LAX
564,38099.0,DTLA,LAX
565,38103.0,DTLA,LAX
566,38234.0,DTLA,LAX
567,38236.0,DTLA,LAX
568,38238.0,DTLA,LAX
569,38269.0,DTLA,LAX
570,38436.0,DTLA,LAX
571,38452.0,DTLA,LAX
572,38457.0,DTLA,LAX
573,38478.0,DTLA,LAX
574,38518.0,DTLA,LAX
575,38523.0,DTLA,LAX
576,38563.0,DTLA,LAX
577,38664.0,DTLA,LAX
578,38734.0,DTLA,LAX
579,38757.0,DTLA,LAX
580,38761.0,DTLA,LAX
581,38809.0,DTLA,LAX
582,38829.0,DTLA,LAX
583,38856.0,DTLA,LAX
584,38883.0,DTLA,LAX
585,38928.0,DTLA,LAX
586,39000.0,DTLA,LAX
587,39038.0,DTLA,LAX
588,39048.0,DTLA,LAX
589,39073.0,DTLA,LAX
590,39098.0,DTLA,LAX
591,39128.0,DTLA,LAX
592,39142.0,DTLA,LAX
593,39180.0,DTLA,LAX
594,39210.0,DTLA,LAX
595,39259.0,DTLA,LAX
596,39307.0,DTLA,LAX
597,39383.0,DTLA,LAX
598,39411.0,DTLA,LAX
599,39470.0,DTLA,LAX
600,39475.0,DTLA,LAX
601,39520.0,DTLA,LAX
602,39535.0,DTLA,LAX
603,39538.0,DTLA,LAX
604,39543.0,DTLA,LAX
605,39549.0,DTLA,LAX
606,39568.0,DTLA,LAX
607,39577.0,DTLA,LAX
608,39590.0,DTLA,LAX
609,39609.0,DTLA,LAX
610,39655.0,DTLA,LAX
611,39738.0,DTLA,LAX
612,39743.0,DTLA,LAX
613,39765.0,DTLA,LAX
614,39768.0,DTLA,LAX
615,39823.0,DTLA,LAX
616,39902.0,DTLA,LAX
617,39946.0,DTLA,LAX
618,40002.0,DTLA,LAX
619,40032.0,DTLA,LAX
620,40174.0,DTLA,LAX
621,40202.0,DTLA,LAX
622,40222.0,DTLA,LAX
623,40235.0,DTLA,LAX
624,40241.0,DTLA,LAX
625,40247.0,DTLA,LAX
626,40285.0,DTLA,LAX
627,40289.0,DTLA,LAX
628,40312.0,DTLA,LAX
629,40413.0,DTLA,LAX
630,40468.0,DTLA,LAX
631,40486.0,DTLA,LAX
632,40504.0,DTLA,LAX
633,40520.0,DTLA,LAX
634,40533.0,DTLA,LAX
635,40553.0,DTLA,LAX
636,40574.0,DTLA,LAX
637,40593.0,DTLA,LAX
638,40680.0,DTLA,LAX
639,40715.0,DTLA,LAX
640,40724.0,DTLA,LAX
641,40758.0,DTLA,LAX
642,40829.0,DTLA,LAX
643,40894.0,DTLA,LAX
644,40908.0,DTLA,LAX
645,40931.0,DTLA,LAX
646,41008.0,DTLA,LAX
647,41023.0,DTLA,LAX
648,41042.0,DTLA,LAX
649,41083.0,DTLA,LAX
650,41087.0,DTLA,LAX
651,41094.0,DTLA,LAX
652,41101.0,DTLA,LAX
653,41103.0,DTLA,LAX
654,41108.0,DTLA,LAX
655,41112.0,DTLA,LAX
656,41114.0,DTLA,LAX
657,41166.0,DTLA,LAX
658,41167.0,DTLA,LAX
659,41215.0,DTLA,LAX
660,41218.0,DTLA,LAX
661,41230.0,DTLA,LAX
662,41255.0,DTLA,LAX
663,41259.0,DTLA,LAX
664,41297.0,DTLA,LAX
665,41356.0,DTLA,LAX
666,41418.0,DTLA,LAX
667,41429.0,DTLA,LAX
668,41449.0,DTLA,LAX
669,41450.0,DTLA,LAX
670,41535.0,DTLA,LAX
671,41599.0,DTLA,LAX
672,41666.0,DTLA,LAX
673,41682.0,DTLA,LAX
674,41683.0,DTLA,LAX
675,41697.0,DTLA,LAX
676,41746.0,DTLA,LAX
677,41787.0,DTLA,LAX
678,41789.0,DTLA,LAX
679,41790.0,DTLA,LAX
680,41791.0,DTLA,LAX
681,41795.0,DTLA,LAX
682,41809.0,DTLA,LAX
683,41834.0,DTLA,LAX
684,41840.0,DTLA,LAX
685,41955.0,DTLA,LAX
686,41977.0,DTLA,LAX
687,42021.0,DTLA,LAX
688,42023.0,DTLA,LAX
689,42076.0,DTLA,LAX
690,42171.0,DTLA,LAX
691,42174.0,DTLA,LAX
692,42183.0,DTLA,LAX
693,42193.0,DTLA,LAX
694,42206.0,DTLA,LAX
695,42210.0,DTLA,LAX
696,42220.0,DTLA,LAX
697,42226.0,DTLA,LAX
698,42243.0,DTLA,LAX
699,42253.0,DTLA,LAX
700,42285.0,DTLA,LAX
701,42311.0,DTLA,LAX
702,42348.0,DTLA,LAX
703,42399.0,DTLA,LAX
704,42414.0,DTLA,LAX
705,42421.0,DTLA,LAX
706,42485.0,DTLA,LAX
707,42738.0,DTLA,LAX
708,42748.0,DTLA,LAX
709,42760.0,DTLA,LAX
710,42813.0,DTLA,LAX
711,42824.0,DTLA,LAX
712,42896.0,DTLA,LAX
713,42917.0,DTLA,LAX
714,43036.0,DTLA,LAX
715,43082.0,DTLA,LAX
716,43141.0,DTLA,LAX
717,43162.0,DTLA,LAX
718,43224.0,DTLA,LAX
719,43316.0,DTLA,LAX
720,43377.0,DTLA,LAX
721,43383.0,DTLA,LAX
722,43449.0,DTLA,LAX
723,43459.0,DTLA,LAX
724,43504.0,DTLA,LAX
725,43548.0,DTLA,LAX
726,43574.0,DTLA,LAX
727,43639.0,DTLA,LAX
728,43679.0,DTLA,LAX
729,43713.0,DTLA,LAX
730,43831.0,DTLA,LAX
731,43841.0,DTLA,LAX
732,43844.0,DTLA,LAX
733,43888.0,DTLA,LAX
734,43917.0,DTLA,LAX
735,43955.0,DTLA,LAX
736,43982.0,DTLA,LAX
737,43984.0,DTLA,LAX
738,43989.0,DTLA,LAX
739,44018.0,DTLA,LAX
740,44108.0,DTLA,LAX
741,44135.0,DTLA,LAX
742,44218.0,DTLA,LAX
743,44249.0,DTLA,LAX
744,44364.0,DTLA,LAX
745,44566.0,DTLA,LAX
746,44572.0,DTLA,LAX
747,44608.0,DTLA,LAX
748,44622.0,DTLA,LAX
749,44649.0,DTLA,LAX
750,44698.0,DTLA,LAX
751,44828.0,DTLA,LAX
752,44854.0,DTLA,LAX
753,44905.0,DTLA,LAX
754,44962.0,DTLA,LAX
755,45094.0,DTLA,LAX
756,45129.0,DTLA,LAX
757,45148.0,DTLA,LAX
758,45414.0,DTLA,LAX
759,45458.0,DTLA,LAX
760,45458.0,DTLA,LAX
761,45481.0,DTLA,LAX
762,45629.0,DTLA,LAX
763,45685.0,DTLA,LAX
764,45707.0,DTLA,LAX
765,45716.0,DTLA,LAX
766,45775.0,DTLA,LAX
767,45804.0,DTLA,LAX
768,45852.0,DTLA,LAX
769,45882.0,DTLA,LAX
770,45904.0,DTLA,LAX
771,45962.0,DTLA,LAX
772,45993.0,DTLA,LAX
773,46033.0,DTLA,LAX
774,46038.0,DTLA,LAX
775,46055.0,DTLA,LAX
776,46077.0,DTLA,LAX
777,46154.0,DTLA,LAX
778,46160.0,DTLA,LAX
779,46214.0,DTLA,LAX
780,46227.0,DTLA,LAX
781,46354.0,DTLA,LAX
782,46385.0,DTLA,LAX
783,46450.0,DTLA,LAX
784,46482.0,DTLA,LAX
785,46497.0,DTLA,LAX
786,46498.0,DTLA,LAX
787,46501.0,DTLA,LAX
788,46540.0,DTLA,LAX
789,46590.0,DTLA,LAX
790,46663.0,DTLA,LAX
791,46703.0,DTLA,LAX
792,46754.0,DTLA,LAX
793,46770.0,DTLA,LAX
794,46799.0,DTLA,LAX
795,46823.0,DTLA,LAX
796,46859.0,DTLA,LAX
797,46906.0,DTLA,LAX
798,46917.0,DTLA,LAX
799,46999.0,DTLA,LAX
800,47046.0,DTLA,LAX
801,47081.0,DTLA,LAX
802,47082.0,DTLA,LAX
803,47097.0,DTLA,LAX
804,47132.0,DTLA,LAX
805,47175.0,DTLA,LAX
806,47175.0,DTLA,LAX
807,47268.0,DTLA,LAX
808,47278.0,DTLA,LAX
809,47293.0,DTLA,LAX
810,47332.0,DTLA,LAX
811,47350.0,DTLA,LAX
812,47369.0,DTLA,LAX
813,47374.0,DTLA,LAX
814,47398.0,DTLA,LAX
815,47415.0,DTLA,LAX
816,47468.0,DTLA,LAX
817,47502.0,DTLA,LAX
818,47721.0,DTLA,LAX
819,47737.0,DTLA,LAX
820,47757.0,DTLA,LAX
821,47791.0,DTLA,LAX
822,47873.0,DTLA,LAX
823,47888.0,DTLA,LAX
824,47893.0,DTLA,LAX
825,47928.0,DTLA,LAX
826,47962.0,DTLA,LAX
827,47972.0,DTLA,LAX
828,47974.0,DTLA,LAX
829,48007.0,DTLA,LAX
830,48059.0,DTLA,LAX
831,48074.0,DTLA,LAX
832,48084.0,DTLA,LAX
833,48183.0,DTLA,LAX
834,48215.0,DTLA,LAX
835,48294.0,DTLA,LAX
836,48329.0,DTLA,LAX
837,48337.0,DTLA,LAX
838,48370.0,DTLA,LAX
839,48382.0,DTLA,LAX
840,48412.0,DTLA,LAX
841,48468.0,DTLA,LAX
842,48482.0,DTLA,LAX
843,48491.0,DTLA,LAX
844,48492.0,DTLA,LAX
845,48496.0,DTLA,LAX
846,48496.0,DTLA,LAX
847,48501.0,DTLA,LAX
848,48646.0,DTLA,LAX
849,48712.0,DTLA,LAX
850,48795.0,DTLA,LAX
851,48816.0,DTLA,LAX
852,48839.0,DTLA,LAX
853,48857.0,DTLA,LAX
854,48923.0,DTLA,LAX
855,48951.0,DTLA,LAX
856,48955.0,DTLA,LAX
857,48975.0,DTLA,LAX
858,49040.0,DTLA,LAX
859,49044.0,DTLA,LAX
860,49058.0,DTLA,LAX
861,49080.0,DTLA,LAX
862,49099.0,DTLA,LAX
863,49112.0,DTLA,LAX
864,49155.0,DTLA,LAX
865,49162.0,DTLA,LAX
866,49181.0,DTLA,LAX
867,49272.0,DTLA,LAX
868,49313.0,DTLA,LAX
869,49325.0,DTLA,LAX
870,49340.0,DTLA,LAX
871,49360.0,DTLA,LAX
872,49444.0,DTLA,LAX
873,49460.0,DTLA,LAX
874,49493.0,DTLA,LAX
875,49515.0,DTLA,LAX
876,49601.0,DTLA,LAX
877,49673.0,DTLA,LAX
878,49717.0,DTLA,LAX
879,49790.0,DTLA,LAX
880,49861.0,DTLA,LAX
881,49871.0,DTLA,LAX
882,49999.0,DTLA,LAX
883,50058.0,DTLA,LAX
884,50081.0,DTLA,LAX
885,50091.0,DTLA,LAX
886,50142.0,DTLA,LAX
887,50181.0,DTLA,LAX
888,50186.0,DTLA,LAX
889,50202.0,DTLA,LAX
890,50223.0,DTLA,LAX
891,50260.0,DTLA,LAX
892,50265.0,DTLA,LAX
893,50286.0,DTLA,LAX
894,50298.0,DTLA,LAX
895,50299.0,DTLA,LAX
896,50340.0,DTLA,LAX
897,50407.0,DTLA,LAX
898,50489.0,DTLA,LAX
899,50595.0,DTLA,LAX
900,50620.0,DTLA,LAX
901,50721.0,DTLA,LAX
902,50753.0,DTLA,LAX
903,50849.0,DTLA,LAX
904,50871.0,DTLA,LAX
905,50954.0,DTLA,LAX
906,51091.0,DTLA,LAX
907,51093.0,DTLA,LAX
908,51108.0,DTLA,LAX
909,51318.0,DTLA,LAX
910,51333.0,DTLA,LAX
911,51401.0,DTLA,LAX
912,51456.0,DTLA,LAX
913,51520.0,DTLA,LAX
914,51644.0,DTLA,LAX
915,51664.0,DTLA,LAX
916,51722.0,DTLA,LAX
917,51749.0,DTLA,LAX
918,51828.0,DTLA,LAX
919,51882.0,DTLA,LAX
920,51912.0,DTLA,LAX
921,51939.0,DTLA,LAX
922,51965.0,DTLA,LAX
923,51979.0,DTLA,LAX
924,52027.0,DTLA,LAX
925,52181.0,DTLA,LAX
926,52220.0,DTLA,LAX
927,52261.0,DTLA,LAX
928,52272.0,DTLA,LAX
929,52275.0,DTLA,LAX
930,52377.0,DTLA,LAX
931,52473.0,DTLA,LAX
932,52484.0,DTLA,LAX
933,52499.0,DTLA,LAX
934,52556.0,DTLA,LAX
935,52614.0,DTLA,LAX
936,52702.0,DTLA,LAX
937,52706.0,DTLA,LAX
938,52715.0,DTLA,LAX
939,52796.0,DTLA,LAX
940,52806.0,DTLA,LAX
941,52873.0,DTLA,LAX
942,52938.0,DTLA,LAX
943,52945.0,DTLA,LAX
944,52951.0,DTLA,LAX
945,52990.0,DTLA,LAX
946,52995.0,DTLA,LAX
947,53067.0,DTLA,LAX
948,53069.0,DTLA,LAX
949,53103.0,DTLA,LAX
950,53163.0,DTLA,LAX
951,53179.0,DTLA,LAX
952,53303.0,DTLA,LAX
953,53304.0,DTLA,LAX
954,53334.0,DTLA,LAX
955,53355.0,DTLA,LAX
956,53478.0,DTLA,LAX
957,53501.0,DTLA,LAX
958,53516.0,DTLA,LAX
959,53519.0,DTLA,LAX
960,53580.0,DTLA,LAX
961,53631.0,DTLA,LAX
962,53754.0,DTLA,LAX
963,53782.0,DTLA,LAX
964,53909.0,DTLA,LAX
965,53953.0,DTLA,LAX
966,53977.0,DTLA,LAX
967,54070.0,DTLA,LAX
968,54104.0,DTLA,LAX
969,54141.0,DTLA,LAX
970,54165.0,DTLA,LAX
971,54241.0,DTLA,LAX
972,54267.0,DTLA,LAX
973,54332.0,DTLA,LAX
974,54339.0,DTLA,LAX
975,54462.0,DTLA,LAX
976,54464.0,DTLA,LAX
977,54528.0,DTLA,LAX
978,54531.0,DTLA,LAX
979,54589.0,DTLA,LAX
980,54590.0,DTLA,LAX
981,54592.0,DTLA,LAX
982,54699.0,DTLA,LAX
983,54724.0,DTLA,LAX
984,54737.0,DTLA,LAX
985,54742.0,DTLA,LAX
986,54747.0,DTLA,LAX
987,54808.0,DTLA,LAX
988,54809.0,DTLA,LAX
989,54810.0,DTLA,LAX
990,54811.0,DTLA,LAX
991,54856.0,DTLA,LAX
992,54876.0,DTLA,LAX
993,54880.0,DTLA,LAX
994,54895.0,DTLA,LAX
995,54923.0,DTLA,LAX
996,54937.0,DTLA,LAX
997,55029.0,DTLA,LAX
998,55064.0,DTLA,LAX
999,55109.0,DTLA,LAX
1000,55382.0,DTLA,LAX
1001,55411.0,DTLA,LAX
1002,55439.0,DTLA,LAX
1003,55440.0,DTLA,LAX
1004,55540.0,DTLA,LAX
1005,55543.0,DTLA,LAX
1006,55582.0,DTLA,LAX
1007,55598.0,DTLA,LAX
1008,55604.0,DTLA,LAX
1009,55689.0,DTLA,LAX
1010,55760.0,DTLA,LAX
1011,55768.0,DTLA,LAX
1012,55852.0,DTLA,LAX
1013,55975.0,DTLA,LAX
1014,56046.0,DTLA,LAX
1015,56187.0,DTLA,LAX
1016,56265.0,DTLA,LAX
1017,56310.0,DTLA,LAX
1018,56312.0,DTLA,LAX
1019,56313.0,DTLA,LAX
1020,56317.0,DTLA,LAX
1021,56395.0,DTLA,LAX
1022,56404.0,DTLA,LAX
1023,56467.0,DTLA,LAX
1024,56558.0,DTLA,LAX
1025,56593.0,DTLA,LAX
1026,56877.0,DTLA,LAX
1027,56908.0,DTLA,LAX
1028,57040.0,DTLA,LAX
1029,57089.0,DTLA,LAX
1030,57091.0,DTLA,LAX
1031,57092.0,DTLA,LAX
1032,57113.0,DTLA,LAX
1033,57122.0,DTLA,LAX
1034,57142.0,DTLA,LAX
1035,57175.0,DTLA,LAX
1036,57224.0,DTLA,LAX
1037,57252.0,DTLA,LAX
1038,57430.0,DTLA,LAX
1039,57438.0,DTLA,LAX
1040,57448.0,DTLA,LAX
1041,57466.0,DTLA,LAX
1042,57582.0,DTLA,LAX
1043,57689.0,DTLA,LAX
1044,57838.0,DTLA,LAX
1045,57853.0,DTLA,LAX
1046,57926.0,DTLA,LAX
1047,58021.0,DTLA,LAX
1048,58033.0,DTLA,LAX
1049,58085.0,DTLA,LAX
1050,58091.0,DTLA,LAX
1051,58118.0,DTLA,LAX
1052,58149.0,DTLA,LAX
1053,58219.0,DTLA,LAX
1054,58226.0,DTLA,LAX
1055,58325.0,DTLA,LAX
1056,58386.0,DTLA,LAX
1057,58468.0,DTLA,LAX
1058,58722.0,DTLA,LAX
1059,58762.0,DTLA,LAX
1060,58790.0,DTLA,LAX
1061,58800.0,DTLA,LAX
1062,58852.0,DTLA,LAX
1063,58938.0,DTLA,LAX
1064,59052.0,DTLA,LAX
1065,59070.0,DTLA,LAX
1066,59094.0,DTLA,LAX
1067,59264.0,DTLA,LAX
1068,59405.0,DTLA,LAX
1069,59428.0,DTLA,LAX
1070,59497.0,DTLA,LAX
1071,59559.0,DTLA,LAX
1072,59568.0,DTLA,LAX
1073,59668.0,DTLA,LAX
1074,59672.0,DTLA,LAX
1075,59700.0,DTLA,LAX
1076,59829.0,DTLA,LAX
1077,59860.0,DTLA,LAX
1078,59868.0,DTLA,LAX
1079,59972.0,DTLA,LAX
1080,59973.0,DTLA,LAX
1081,59982.0,DTLA,LAX
1082,60033.0,DTLA,LAX
1083,60062.0,DTLA,LAX
1084,60101.0,DTLA,LAX
1085,60168.0,DTLA,LAX
1086,60186.0,DTLA,LAX
1087,60408.0,DTLA,LAX
1088,60437.0,DTLA,LAX
1089,60518.0,DTLA,LAX
1090,60589.0,DTLA,LAX
1091,60642.0,DTLA,LAX
1092,60670.0,DTLA,LAX
1093,60691.0,DTLA,LAX
1094,60787.0,DTLA,LAX
1095,60798.0,DTLA,LAX
1096,60949.0,DTLA,LAX
1097,60952.0,DTLA,LAX
1098,60991.0,DTLA,LAX
1099,61036.0,DTLA,LAX
1100,61049.0,DTLA,LAX
1101,61060.0,DTLA,LAX
1102,61061.0,DTLA,LAX
1103,61091.0,DTLA,LAX
1104,61139.0,DTLA,LAX
1105,61213.0,DTLA,LAX
1106,61223.0,DTLA,LAX
1107,61345.0,DTLA,LAX
1108,61463.0,DTLA,LAX
1109,61499.0,DTLA,LAX
1110,61522.0,DTLA,LAX
1111,61523.0,DTLA,LAX
1112,61909.0,DTLA,LAX
1113,61949.0,DTLA,LAX
1114,62115.0,DTLA,LAX
1115,62200.0,DTLA,LAX
1116,62257.0,DTLA,LAX
1117,62268.0,DTLA,LAX
1118,62293.0,DTLA,LAX
1119,62339.0,DTLA,LAX
1120,62356.0,DTLA,LAX
1121,62373.0,DTLA,LAX
1122,62629.0,DTLA,LAX
1123,62711.0,DTLA,LAX
1124,62730.0,DTLA,LAX
1125,62746.0,DTLA,LAX
1126,62901.0,DTLA,LAX
1127,62926.0,DTLA,LAX
1128,62982.0,DTLA,LAX
1129,63159.0,DTLA,LAX
1130,63229.0,DTLA,LAX
1131,63353.0,DTLA,LAX
1132,63415.0,DTLA,LAX
1133,63501.0,DTLA,LAX
1134,63524.0,DTLA,LAX
1135,63552.0,DTLA,LAX
1136,63568.0,DTLA,LAX
1137,63571.0,DTLA,LAX
1138,63582.0,DTLA,LAX
1139,63684.0,DTLA,LAX
1140,63722.0,DTLA,LAX
1141,63735.0,DTLA,LAX
1142,63767.0,DTLA,LAX
1143,63807.0,DTLA,LAX
1144,63822.0,DTLA,LAX
1145,63831.0,DTLA,LAX
1146,63834.0,DTLA,LAX
1147,63854.0,DTLA,LAX
1148,63894.0,DTLA,LAX
1149,63958.0,DTLA,LAX
1150,63997.0,DTLA,LAX
1151,64046.0,DTLA,LAX
1152,64126.0,DTLA,LAX
1153,64193.0,DTLA,LAX
1154,64310.0,DTLA,LAX
1155,64312.0,DTLA,LAX
1156,64346.0,DTLA,LAX
1157,64432.0,DTLA,LAX
1158,64657.0,DTLA,LAX
1159,64680.0,DTLA,LAX
1160,64861.0,DTLA,LAX
1161,65064.0,DTLA,LAX
1162,65137.0,DTLA,LAX
1163,65209.0,DTLA,LAX
1164,65411.0,DTLA,LAX
1165,65511.0,DTLA,LAX
1166,65642.0,DTLA,LAX
1167,65685.0,DTLA,LAX
1168,65741.0,DTLA,LAX
1169,65859.0,DTLA,LAX
1170,65893.0,DTLA,LAX
1171,66115.0,DTLA,LAX
1172,66303.0,DTLA,LAX
1173,66307.0,DTLA,LAX
1174,66385.0,DTLA,LAX
1175,66435.0,DTLA,LAX
1176,66689.0,DTLA,LAX
1177,66697.0,DTLA,LAX
1178,66709.0,DTLA,LAX
1179,66729.0,DTLA,LAX
1180,66952.0,DTLA,LAX
1181,67121.0,DTLA,LAX
1182,67143.0,DTLA,LAX
1183,67210.0,DTLA,LAX
1184,67257.0,DTLA,LAX
1185,67265.0,DTLA,LAX
1186,67272.0,DTLA,LAX
1187,67530.0,DTLA,LAX
1188,67577.0,DTLA,LAX
1189,67682.0,DTLA,LAX
1190,67710.0,DTLA,LAX
1191,67770.0,DTLA,LAX
1192,67978.0,DTLA,LAX
1193,68227.0,DTLA,LAX
1194,68443.0,DTLA,LAX
1195,68475.0,DTLA,LAX
1196,68534.0,DTLA,LAX
1197,68535.0,DTLA,LAX
1198,68562.0,DTLA,LAX
1199,68566.0,DTLA,LAX
1200,68595.0,DTLA,LAX
1201,68606.0,DTLA,LAX
1202,68654.0,DTLA,LAX
1203,68672.0,DTLA,LAX
1204,68710.0,DTLA,LAX
1205,68908.0,DTLA,LAX
1206,69102.0,DTLA,LAX
1207,69209.0,DTLA,LAX
1208,69247.0,DTLA,LAX
1209,69352.0,DTLA,LAX
1210,69370.0,DTLA,LAX
1211,69430.0,DTLA,LAX
1212,69467.0,DTLA,LAX
1213,69496.0,DTLA,LAX
1214,69546.0,DTLA,LAX
1215,69618.0,DTLA,LAX
1216,69666.0,DTLA,LAX
1217,69707.0,DTLA,LAX
1218,69723.0,DTLA,LAX
1219,69767.0,DTLA,LAX
1220,69826.0,DTLA,LAX
1221,69882.0,DTLA,LAX
1222,69926.0,DTLA,LAX
1223,70202.0,DTLA,LAX
1224,70267.0,DTLA,LAX
1225,70322.0,DTLA,LAX
1226,70409.0,DTLA,LAX
1227,70467.0,DTLA,LAX
1228,70504.0,DTLA,LAX
1229,70512.0,DTLA,LAX
1230,70634.0,DTLA,LAX
1231,70735.0,DTLA,LAX
1232,70908.0,DTLA,LAX
1233,70945.0,DTLA,LAX
1234,70990.0,DTLA,LAX
1235,71031.0,DTLA,LAX
1236,71045.0,DTLA,LAX
1237,71095.0,DTLA,LAX
1238,71308.0,DTLA,LAX
1239,71331.0,DTLA,LAX
1240,71374.0,DTLA,LAX
1241,71410.0,DTLA,LAX
1242,71442.0,DTLA,LAX
1243,71823.0,DTLA,LAX
1244,71836.0,DTLA,LAX
1245,71945.0,DTLA,LAX
1246,72133.0,DTLA,LAX
1247,72208.0,DTLA,LAX
1248,72257.0,DTLA,LAX
1249,72280.0,DTLA,LAX
1250,72338.0,DTLA,LAX
1251,72381.0,DTLA,LAX
1252,72413.0,DTLA,LAX
1253,72543.0,DTLA,LAX
1254,72573.0,DTLA,LAX
1255,72620.0,DTLA,LAX
1256,72709.0,DTLA,LAX
1257,72751.0,DTLA,LAX
1258,72919.0,DTLA,LAX
1259,72936.0,DTLA,LAX
1260,73059.0,DTLA,LAX
1261,73076.0,DTLA,LAX
1262,73113.0,DTLA,LAX
1263,73116.0,DTLA,LAX
1264,73178.0,DTLA,LAX
1265,73194.0,DTLA,LAX
1266,73201.0,DTLA,LAX
1267,73235.0,DTLA,LAX
1268,73326.0,DTLA,LAX
1269,73354.0,DTLA,LAX
1270,73388.0,DTLA,LAX
1271,73477.0,DTLA,LAX
1272,73485.0,DTLA,LAX
1273,73535.0,DTLA,LAX
1274,73603.0,DTLA,LAX
1275,73634.0,DTLA,LAX
1276,73689.0,DTLA,LAX
1277,73696.0,DTLA,LAX
1278,73745.0,DTLA,LAX
1279,73805.0,DTLA,LAX
1280,73807.0,DTLA,LAX
1281,73810.0,DTLA,LAX
1282,73819.0,DTLA,LAX
1283,73828.0,DTLA,LAX
1284,73869.0,DTLA,LAX
1285,73895.0,DTLA,LAX
1286,73952.0,DTLA,LAX
1287,74034.0,DTLA,LAX
1288,74140.0,DTLA,LAX
1289,74141.0,DTLA,LAX
1290,74165.0,DTLA,LAX
1291,74168.0,DTLA,LAX
1292,74182.0,DTLA,LAX
1293,74199.0,DTLA,LAX
1294,74227.0,DTLA,LAX
1295,74333.0,DTLA,LAX
1296,74335.0,DTLA,LAX
1297,74369.0,DTLA,LAX
1298,74417.0,DTLA,LAX
1299,74417.0,DTLA,LAX
1300,74455.0,DTLA,LAX
1301,74459.0,DTLA,LAX
1302,74465.0,DTLA,LAX
1303,74481.0,DTLA,LAX
1304,74518.0,DTLA,LAX
1305,74532.0,DTLA,LAX
1306,74618.0,DTLA,LAX
1307,74701.0,DTLA,LAX
1308,74754.0,DTLA,LAX
1309,74755.0,DTLA,LAX
1310,74759.0,DTLA,LAX
1311,74814.0,DTLA,LAX
1312,74854.0,DTLA,LAX
1313,74886.0,DTLA,LAX
1314,74901.0,DTLA,LAX
1315,74950.0,DTLA,LAX
1316,74970.0,DTLA,LAX
1317,74996.0,DTLA,LAX
1318,74999.0,DTLA,LAX
1319,75127.0,DTLA,LAX
1320,75151.0,DTLA,LAX
1321,75171.0,DTLA,LAX
1322,75177.0,DTLA,LAX
1323,75180.0,DTLA,LAX
1324,75204.0,DTLA,LAX
1325,75212.0,DTLA,LAX
1326,75226.0,DTLA,LAX
1327,75257.0,DTLA,LAX
1328,75278.0,DTLA,LAX
1329,75303.0,DTLA,LAX
1330,75372.0,DTLA,LAX
1331,75455.0,DTLA,LAX
1332,75553.0,DTLA,LAX
1333,75616.0,DTLA,LAX
1334,75626.0,DTLA,LAX
1335,75648.0,DTLA,LAX
1336,75664.0,DTLA,LAX
1337,75691.0,DTLA,LAX
1338,75961.0,DTLA,LAX
1339,75969.0,DTLA,LAX
1340,76000.0,DTLA,LAX
1341,76026.0,DTLA,LAX
1342,76041.0,DTLA,LAX
1343,76174.0,DTLA,LAX
1344,76192.0,DTLA,LAX
1345,76266.0,DTLA,LAX
1346,76272.0,DTLA,LAX
1347,76284.0,DTLA,LAX
1348,76335.0,DTLA,LAX
1349,76358.0,DTLA,LAX
1350,76457.0,DTLA,LAX
1351,76550.0,DTLA,LAX
1352,76625.0,DTLA,LAX
1353,76647.0,DTLA,LAX
1354,76676.0,DTLA,LAX
1355,76677.0,DTLA,LAX
1356,76895.0,DTLA,LAX
1357,76921.0,DTLA,LAX
1358,76931.0,DTLA,LAX
1359,77010.0,DTLA,LAX
1360,77028.0,DTLA,LAX
1361,77044.0,DTLA,LAX
1362,77048.0,DTLA,LAX
1363,77115.0,DTLA,LAX
1364,77337.0,DTLA,LAX
1365,77481.0,DTLA,LAX
1366,77553.0,DTLA,LAX
1367,77562.0,DTLA,LAX
1368,77592.0,DTLA,LAX
1369,77619.0,DTLA,LAX
1370,77648.0,DTLA,LAX
1371,77817.0,DTLA,LAX
1372,77922.0,DTLA,LAX
1373,77972.0,DTLA,LAX
1374,78003.0,DTLA,LAX
1375,78034.0,DTLA,LAX
1376,78218.0,DTLA,LAX
1377,78302.0,DTLA,LAX
1378,78350.0,DTLA,LAX
1379,78420.0,DTLA,LAX
1380,78454.0,DTLA,LAX
1381,78467.0,DTLA,LAX
1382,78503.0,DTLA,LAX
1383,78548.0,DTLA,LAX
1384,78587.0,DTLA,LAX
1385,78595.0,DTLA,LAX
1386,78602.0,DTLA,LAX
1387,78602.0,DTLA,LAX
1388,78778.0,DTLA,LAX
1389,78790.0,DTLA,LAX
1390,78791.0,DTLA,LAX
1391,78837.0,DTLA,LAX
1392,78838.0,DTLA,LAX
1393,78842.0,DTLA,LAX
1394,78849.0,DTLA,LAX
1395,78991.0,DTLA,LAX
1396,79028.0,DTLA,LAX
1397,79039.0,DTLA,LAX
1398,79048.0,DTLA,LAX
1399,79089.0,DTLA,LAX
1400,79195.0,DTLA,LAX
1401,79245.0,DTLA,LAX
1402,79522.0,DTLA,LAX
1403,79749.0,DTLA,LAX
1404,79770.0,DTLA,LAX
1405,79778.0,DTLA,LAX
1406,79837.0,DTLA,LAX
1407,79952.0,DTLA,LAX
1408,79956.0,DTLA,LAX
1409,80141.0,DTLA,LAX
1410,80211.0,DTLA,LAX
1411,80257.0,DTLA,LAX
1412,80282.0,DTLA,LAX
1413,80363.0,DTLA,LAX
1414,80413.0,DTLA,LAX
1415,80426.0,DTLA,LAX
1416,80432.0,DTLA,LAX
1417,80470.0,DTLA,LAX
1418,80604.0,DTLA,LAX
1419,80675.0,DTLA,LAX
1420,80714.0,DTLA,LAX
1421,80743.0,DTLA,LAX
1422,80777.0,DTLA,LAX
1423,80877.0,DTLA,LAX
1424,80940.0,DTLA,LAX
1425,80963.0,DTLA,LAX
1426,81054.0,DTLA,LAX
1427,81068.0,DTLA,LAX
1428,81282.0,DTLA,LAX
1429,81292.0,DTLA,LAX
1430,81374.0,DTLA,LAX
1431,81614.0,DTLA,LAX
1432,81656.0,DTLA,LAX
1433,81713.0,DTLA,LAX
1434,81724.0,DTLA,LAX
1435,81812.0,DTLA,LAX
1436,81853.0,DTLA,LAX
1437,81874.0,DTLA,LAX
1438,81877.0,DTLA,LAX
1439,81929.0,DTLA,LAX
1440,81934.0,DTLA,LAX
1441,82198.0,DTLA,LAX
1442,82307.0,DTLA,LAX
1443,82371.0,DTLA,LAX
1444,82615.0,DTLA,LAX
1445,82684.0,DTLA,LAX
1446,82765.0,DTLA,LAX
1447,83021.0,DTLA,LAX
1448,83087.0,DTLA,LAX
1449,83251.0,DTLA,LAX
1450,83265.0,DTLA,LAX
1451,83305.0,DTLA,LAX
1452,83320.0,DTLA,LAX
1453,83359.0,DTLA,LAX
1454,83434.0,DTLA,LAX
1455,83768.0,DTLA,LAX
1456,83788.0,DTLA,LAX
1457,83824.0,DTLA,LAX
1458,84193.0,DTLA,LAX
1459,84287.0,DTLA,LAX
1460,84319.0,DTLA,LAX
1461,84476.0,DTLA,LAX
1462,84557.0,DTLA,LAX
1463,84667.0,DTLA,LAX
1464,84690.0,DTLA,LAX
1465,84710.0,DTLA,LAX
1466,84717.0,DTLA,LAX
1467,84726.0,DTLA,LAX
1468,84803.0,DTLA,LAX
1469,84843.0,DTLA,LAX
1470,84959.0,DTLA,LAX
1471,85071.0,DTLA,LAX
1472,85259.0,DTLA,LAX
1473,85329.0,DTLA,LAX
1474,85571.0,DTLA,LAX
1475,86237.0,DTLA,LAX
1476,86263.0,DTLA,LAX
1477,38.0,LAX,DTLA
1478,64.0,LAX,DTLA
1479,165.0,LAX,DTLA
1480,189.0,LAX,DTLA
1481,190.0,LAX,DTLA
1482,209.0,LAX,DTLA
1483,577.0,LAX,DTLA
1484,665.0,LAX,DTLA
1485,706.0,LAX,DTLA
1486,727.0,LAX,DTLA
1487,896.0,LAX,DTLA
1488,907.0,LAX,DTLA
1489,1051.0,LAX,DTLA
1490,1124.0,LAX,DTLA
1491,1168.0,LAX,DTLA
1492,1170.0,LAX,DTLA
1493,1272.0,LAX,DTLA
1494,1349.0,LAX,DTLA
1495,1362.0,LAX,DTLA
1496,1600.0,LAX,DTLA
1497,1639.0,LAX,DTLA
1498,1677.0,LAX,DTLA
1499,1857.0,LAX,DTLA
1500,1907.0,LAX,DTLA
1501,1980.0,LAX,DTLA
1502,2028.0,LAX,DTLA
1503,2073.0,LAX,DTLA
1504,2148.0,LAX,DTLA
1505,2243.0,LAX,DTLA
1506,2399.0,LAX,DTLA
1507,2412.0,LAX,DTLA
1508,2447.0,LAX,DTLA
1509,2472.0,LAX,DTLA
1510,2715.0,LAX,DTLA
1511,2903.0,LAX,DTLA
1512,2904.0,LAX,DTLA
1513,2926.0,LAX,DTLA
1514,2934.0,LAX,DTLA
1515,3071.0,LAX,DTLA
1516,3100.0,LAX,DTLA
1517,3241.0,LAX,DTLA
1518,3283.0,LAX,DTLA
1519,3411.0,LAX,DTLA
1520,3522.0,LAX,DTLA
1521,3570.0,LAX,DTLA
1522,3575.0,LAX,DTLA
1523,3886.0,LAX,DTLA
1524,4167.0,LAX,DTLA
1525,4305.0,LAX,DTLA
1526,4368.0,LAX,DTLA
1527,4379.0,LAX,DTLA
1528,4454.0,LAX,DTLA
1529,5092.0,LAX,DTLA
1530,5869.0,LAX,DTLA
1531,6541.0,LAX,DTLA
1532,6567.0,LAX,DTLA
1533,6639.0,LAX,DTLA
1534,6653.0,LAX,DTLA
1535,6700.0,LAX,DTLA
1536,6835.0,LAX,DTLA
1537,6867.0,LAX,DTLA
1538,6951.0,LAX,DTLA
1539,6996.0,LAX,DTLA
1540,7040.0,LAX,DTLA
1541,7597.0,LAX,DTLA
1542,7624.0,LAX,DTLA
1543,8252.0,LAX,DTLA
1544,8263.0,LAX,DTLA
1545,8298.0,LAX,DTLA
1546,8525.0,LAX,DTLA
1547,8551.0,LAX,DTLA
1548,8560.0,LAX,DTLA
1549,8597.0,LAX,DTLA
1550,8646.0,LAX,DTLA
1551,8948.0,LAX,DTLA
1552,8973.0,LAX,DTLA
1553,9019.0,LAX,DTLA
1554,9067.0,LAX,DTLA
1555,9093.0,LAX,DTLA
1556,11937.0,LAX,DTLA
1557,12267.0,LAX,DTLA
1558,12641.0,LAX,DTLA
1559,12834.0,LAX,DTLA
1560,13735.0,LAX,DTLA
1561,13908.0,LAX,DTLA
1562,16427.0,LAX,DTLA
1563,16604.0,LAX,DTLA
1564,16629.0,LAX,DTLA
1565,16750.0,LAX,DTLA
1566,17160.0,LAX,DTLA
1567,17207.0,LAX,DTLA
1568,17286.0,LAX,DTLA
1569,17308.0,LAX,DTLA
1570,17364.0,LAX,DTLA
1571,19025.0,LAX,DTLA
1572,19043.0,LAX,DTLA
1573,19088.0,LAX,DTLA
1574,19234.0,LAX,DTLA
1575,19250.0,LAX,DTLA
1576,19291.0,LAX,DTLA
1577,19300.0,LAX,DTLA
1578,19346.0,LAX,DTLA
1579,19509.0,LAX,DTLA
1580,19689.0,LAX,DTLA
1581,19733.0,LAX,DTLA
1582,20073.0,LAX,DTLA
1583,20174.0,LAX,DTLA
1584,20314.0,LAX,DTLA
1585,20651.0,LAX,DTLA
1586,20664.0,LAX,DTLA
1587,20752.0,LAX,DTLA
1588,20929.0,LAX,DTLA
1589,21016.0,LAX,DTLA
1590,22134.0,LAX,DTLA
1591,22150.0,LAX,DTLA
1592,22178.0,LAX,DTLA
1593,22414.0,LAX,DTLA
1594,22695.0,LAX,DTLA
1595,22869.0,LAX,DTLA
1596,22883.0,LAX,DTLA
1597,22946.0,LAX,DTLA
1598,23547.0,LAX,DTLA
1599,23592.0,LAX,DTLA
1600,23702.0,LAX,DTLA
1601,23854.0,LAX,DTLA
1602,23865.0,LAX,DTLA
1603,23911.0,LAX,DTLA
1604,24130.0,LAX,DTLA
1605,24493.0,LAX,DTLA
1606,24579.0,LAX,DTLA
1607,24597.0,LAX,DTLA
1608,24614.0,LAX,DTLA
1609,24654.0,LAX,DTLA
1610,24669.0,LAX,DTLA
1611,24804.0,LAX,DTLA
1612,24854.0,LAX,DTLA
1613,25004.0,LAX,DTLA
1614,25200.0,LAX,DTLA
1615,25435.0,LAX,DTLA
1616,25519.0,LAX,DTLA
1617,25544.0,LAX,DTLA
1618,25617.0,LAX,DTLA
1619,25638.0,LAX,DTLA
1620,25819.0,LAX,DTLA
1621,25993.0,LAX,DTLA
1622,26080.0,LAX,DTLA
1623,26136.0,LAX,DTLA
1624,26206.0,LAX,DTLA
1625,26207.0,LAX,DTLA
1626,26219.0,LAX,DTLA
1627,26277.0,LAX,DTLA
1628,26366.0,LAX,DTLA
1629,26404.0,LAX,DTLA
1630,26414.0,LAX,DTLA
1631,26470.0,LAX,DTLA
1632,26501.0,LAX,DTLA
1633,26525.0,LAX,DTLA
1634,26677.0,LAX,DTLA
1635,26703.0,LAX,DTLA
1636,26742.0,LAX,DTLA
1637,26755.0,LAX,DTLA
1638,26833.0,LAX,DTLA
1639,26864.0,LAX,DTLA
1640,26915.0,LAX,DTLA
1641,26963.0,LAX,DTLA
1642,27044.0,LAX,DTLA
1643,27093.0,LAX,DTLA
1644,27220.0,LAX,DTLA
1645,27274.0,LAX,DTLA
1646,27809.0,LAX,DTLA
1647,27849.0,LAX,DTLA
1648,27851.0,LAX,DTLA
1649,27944.0,LAX,DTLA
1650,27965.0,LAX,DTLA
1651,28042.0,LAX,DTLA
1652,28095.0,LAX,DTLA
1653,28110.0,LAX,DTLA
1654,28172.0,LAX,DTLA
1655,28211.0,LAX,DTLA
1656,28221.0,LAX,DTLA
1657,28236.0,LAX,DTLA
1658,28294.0,LAX,DTLA
1659,28377.0,LAX,DTLA
1660,28422.0,LAX,DTLA
1661,28428.0,LAX,DTLA
1662,28465.0,LAX,DTLA
1663,28468.0,LAX,DTLA
1664,28554.0,LAX,DTLA
1665,28641.0,LAX,DTLA
1666,28716.0,LAX,DTLA
1667,28795.0,LAX,DTLA
1668,28914.0,LAX,DTLA
1669,28977.0,LAX,DTLA
1670,29029.0,LAX,DTLA
1671,29207.0,LAX,DTLA
1672,29404.0,LAX,DTLA
1673,29621.0,LAX,DTLA
1674,29623.0,LAX,DTLA
1675,29712.0,LAX,DTLA
1676,29937.0,LAX,DTLA
1677,30091.0,LAX,DTLA
1678,30271.0,LAX,DTLA
1679,30342.0,LAX,DTLA
1680,30347.0,LAX,DTLA
1681,30376.0,LAX,DTLA
1682,30477.0,LAX,DTLA
1683,30506.0,LAX,DTLA
1684,30508.0,LAX,DTLA
1685,30512.0,LAX,DTLA
1686,30609.0,LAX,DTLA
1687,30665.0,LAX,DTLA
1688,30671.0,LAX,DTLA
1689,30777.0,LAX,DTLA
1690,30936.0,LAX,DTLA
1691,30946.0,LAX,DTLA
1692,31071.0,LAX,DTLA
1693,31143.0,LAX,DTLA
1694,31163.0,LAX,DTLA
1695,31189.0,LAX,DTLA
1696,31241.0,LAX,DTLA
1697,31342.0,LAX,DTLA
1698,31434.0,LAX,DTLA
1699,31471.0,LAX,DTLA
1700,31618.0,LAX,DTLA
1701,31647.0,LAX,DTLA
1702,31668.0,LAX,DTLA
1703,31674.0,LAX,DTLA
1704,31682.0,LAX,DTLA
1705,31710.0,LAX,DTLA
1706,31824.0,LAX,DTLA
1707,31831.0,LAX,DTLA
1708,31850.0,LAX,DTLA
1709,31953.0,LAX,DTLA
1710,32021.0,LAX,DTLA
1711,32062.0,LAX,DTLA
1712,32324.0,LAX,DTLA
1713,32345.0,LAX,DTLA
1714,32411.0,LAX,DTLA
1715,32482.0,LAX,DTLA
1716,32495.0,LAX,DTLA
1717,32496.0,LAX,DTLA
1718,32605.0,LAX,DTLA
1719,32630.0,LAX,DTLA
1720,32667.0,LAX,DTLA
1721,32667.0,LAX,DTLA
1722,32711.0,LAX,DTLA
1723,32792.0,LAX,DTLA
1724,32839.0,LAX,DTLA
1725,32853.0,LAX,DTLA
1726,32858.0,LAX,DTLA
1727,32865.0,LAX,DTLA
1728,32917.0,LAX,DTLA
1729,32919.0,LAX,DTLA
1730,32940.0,LAX,DTLA
1731,33084.0,LAX,DTLA
1732,33097.0,LAX,DTLA
1733,33112.0,LAX,DTLA
1734,33363.0,LAX,DTLA
1735,33375.0,LAX,DTLA
1736,33390.0,LAX,DTLA
1737,33397.0,LAX,DTLA
1738,33405.0,LAX,DTLA
1739,33416.0,LAX,DTLA
1740,33468.0,LAX,DTLA
1741,33469.0,LAX,DTLA
1742,33473.0,LAX,DTLA
1743,33504.0,LAX,DTLA
1744,33682.0,LAX,DTLA
1745,33687.0,LAX,DTLA
1746,33795.0,LAX,DTLA
1747,33810.0,LAX,DTLA
1748,33822.0,LAX,DTLA
1749,33851.0,LAX,DTLA
1750,33861.0,LAX,DTLA
1751,33887.0,LAX,DTLA
1752,33891.0,LAX,DTLA
1753,34014.0,LAX,DTLA
1754,34057.0,LAX,DTLA
1755,34158.0,LAX,DTLA
1756,34235.0,LAX,DTLA
1757,34273.0,LAX,DTLA
1758,34294.0,LAX,DTLA
1759,34342.0,LAX,DTLA
1760,34448.0,LAX,DTLA
1761,34587.0,LAX,DTLA
1762,34614.0,LAX,DTLA
1763,34622.0,LAX,DTLA
1764,34694.0,LAX,DTLA
1765,34720.0,LAX,DTLA
1766,34812.0,LAX,DTLA
1767,34830.0,LAX,DTLA
1768,34911.0,LAX,DTLA
1769,34930.0,LAX,DTLA
1770,34939.0,LAX,DTLA
1771,34965.0,LAX,DTLA
1772,34966.0,LAX,DTLA
1773,35036.0,LAX,DTLA
1774,35064.0,LAX,DTLA
1775,35069.0,LAX,DTLA
1776,35087.0,LAX,DTLA
1777,35096.0,LAX,DTLA
1778,35154.0,LAX,DTLA
1779,35162.0,LAX,DTLA
1780,35167.0,LAX,DTLA
1781,35174.0,LAX,DTLA
1782,35194.0,LAX,DTLA
1783,35198.0,LAX,DTLA
1784,35201.0,LAX,DTLA
1785,35201.0,LAX,DTLA
1786,35287.0,LAX,DTLA
1787,35305.0,LAX,DTLA
1788,35558.0,LAX,DTLA
1789,35560.0,LAX,DTLA
1790,35568.0,LAX,DTLA
1791,35674.0,LAX,DTLA
1792,35683.0,LAX,DTLA
1793,35709.0,LAX,DTLA
1794,35737.0,LAX,DTLA
1795,35767.0,LAX,DTLA
1796,35782.0,LAX,DTLA
1797,35885.0,LAX,DTLA
1798,35919.0,LAX,DTLA
1799,35994.0,LAX,DTLA
1800,36113.0,LAX,DTLA
1801,36117.0,LAX,DTLA
1802,36221.0,LAX,DTLA
1803,36227.0,LAX,DTLA
1804,36234.0,LAX,DTLA
1805,36336.0,LAX,DTLA
1806,36357.0,LAX,DTLA
1807,36392.0,LAX,DTLA
1808,36493.0,LAX,DTLA
1809,36595.0,LAX,DTLA
1810,36663.0,LAX,DTLA
1811,36680.0,LAX,DTLA
1812,36684.0,LAX,DTLA
1813,36762.0,LAX,DTLA
1814,36769.0,LAX,DTLA
1815,36865.0,LAX,DTLA
1816,36912.0,LAX,DTLA
1817,36957.0,LAX,DTLA
1818,37017.0,LAX,DTLA
1819,37025.0,LAX,DTLA
1820,37035.0,LAX,DTLA
1821,37056.0,LAX,DTLA
1822,37077.0,LAX,DTLA
1823,37157.0,LAX,DTLA
1824,37318.0,LAX,DTLA
1825,37347.0,LAX,DTLA
1826,37371.0,LAX,DTLA
1827,37477.0,LAX,DTLA
1828,37675.0,LAX,DTLA
1829,37876.0,LAX,DTLA
1830,37889.0,LAX,DTLA
1831,37901.0,LAX,DTLA
1832,37913.0,LAX,DTLA
1833,37913.0,LAX,DTLA
1834,37990.0,LAX,DTLA
1835,38393.0,LAX,DTLA
1836,38500.0,LAX,DTLA
1837,38525.0,LAX,DTLA
1838,38526.0,LAX,DTLA
1839,38541.0,LAX,DTLA
1840,38555.0,LAX,DTLA
1841,38581.0,LAX,DTLA
1842,38596.0,LAX,DTLA
1843,38643.0,LAX,DTLA
1844,38708.0,LAX,DTLA
1845,38763.0,LAX,DTLA
1846,38801.0,LAX,DTLA
1847,38812.0,LAX,DTLA
1848,38816.0,LAX,DTLA
1849,38827.0,LAX,DTLA
1850,38831.0,LAX,DTLA
1851,38857.0,LAX,DTLA
1852,38895.0,LAX,DTLA
1853,38911.0,LAX,DTLA
1854,38921.0,LAX,DTLA
1855,38991.0,LAX,DTLA
1856,39067.0,LAX,DTLA
1857,39095.0,LAX,DTLA
1858,39107.0,LAX,DTLA
1859,39109.0,LAX,DTLA
1860,39118.0,LAX,DTLA
1861,39122.0,LAX,DTLA
1862,39131.0,LAX,DTLA
1863,39148.0,LAX,DTLA
1864,39161.0,LAX,DTLA
1865,39169.0,LAX,DTLA
1866,39250.0,LAX,DTLA
1867,39275.0,LAX,DTLA
1868,39369.0,LAX,DTLA
1869,39383.0,LAX,DTLA
1870,39398.0,LAX,DTLA
1871,39455.0,LAX,DTLA
1872,39459.0,LAX,DTLA
1873,39497.0,LAX,DTLA
1874,39505.0,LAX,DTLA
1875,39524.0,LAX,DTLA
1876,39536.0,LAX,DTLA
1877,39591.0,LAX,DTLA
1878,39623.0,LAX,DTLA
1879,39972.0,LAX,DTLA
1880,39972.0,LAX,DTLA
1881,39974.0,LAX,DTLA
1882,40020.0,LAX,DTLA
1883,40281.0,LAX,DTLA
1884,40288.0,LAX,DTLA
1885,40291.0,LAX,DTLA
1886,40348.0,LAX,DTLA
1887,40423.0,LAX,DTLA
1888,40453.0,LAX,DTLA
1889,40494.0,LAX,DTLA
1890,40523.0,LAX,DTLA
1891,40624.0,LAX,DTLA
1892,40653.0,LAX,DTLA
1893,40659.0,LAX,DTLA
1894,40663.0,LAX,DTLA
1895,40684.0,LAX,DTLA
1896,40748.0,LAX,DTLA
1897,40755.0,LAX,DTLA
1898,40864.0,LAX,DTLA
1899,40873.0,LAX,DTLA
1900,40876.0,LAX,DTLA
1901,40881.0,LAX,DTLA
1902,41121.0,LAX,DTLA
1903,41142.0,LAX,DTLA
1904,41161.0,LAX,DTLA
1905,41169.0,LAX,DTLA
1906,41178.0,LAX,DTLA
1907,41247.0,LAX,DTLA
1908,41276.0,LAX,DTLA
1909,41279.0,LAX,DTLA
1910,41282.0,LAX,DTLA
1911,41326.0,LAX,DTLA
1912,41329.0,LAX,DTLA
1913,41366.0,LAX,DTLA
1914,41486.0,LAX,DTLA
1915,41544.0,LAX,DTLA
1916,41636.0,LAX,DTLA
1917,41729.0,LAX,DTLA
1918,41807.0,LAX,DTLA
1919,41821.0,LAX,DTLA
1920,41862.0,LAX,DTLA
1921,41867.0,LAX,DTLA
1922,41886.0,LAX,DTLA
1923,41896.0,LAX,DTLA
1924,41930.0,LAX,DTLA
1925,41965.0,LAX,DTLA
1926,41990.0,LAX,DTLA
1927,42056.0,LAX,DTLA
1928,42128.0,LAX,DTLA
1929,42204.0,LAX,DTLA
1930,42240.0,LAX,DTLA
1931,42286.0,LAX,DTLA
1932,42295.0,LAX,DTLA
1933,42326.0,LAX,DTLA
1934,42348.0,LAX,DTLA
1935,42393.0,LAX,DTLA
1936,42433.0,LAX,DTLA
1937,42435.0,LAX,DTLA
1938,42480.0,LAX,DTLA
1939,42503.0,LAX,DTLA
1940,42531.0,LAX,DTLA
1941,42576.0,LAX,DTLA
1942,42667.0,LAX,DTLA
1943,42813.0,LAX,DTLA
1944,42849.0,LAX,DTLA
1945,42907.0,LAX,DTLA
1946,42917.0,LAX,DTLA
1947,42919.0,LAX,DTLA
1948,42935.0,LAX,DTLA
1949,42962.0,LAX,DTLA
1950,42998.0,LAX,DTLA
1951,43016.0,LAX,DTLA
1952,43044.0,LAX,DTLA
1953,43054.0,LAX,DTLA
1954,43065.0,LAX,DTLA
1955,43102.0,LAX,DTLA
1956,43161.0,LAX,DTLA
1957,43162.0,LAX,DTLA
1958,43172.0,LAX,DTLA
1959,43227.0,LAX,DTLA
1960,43321.0,LAX,DTLA
1961,43365.0,LAX,DTLA
1962,43633.0,LAX,DTLA
1963,43634.0,LAX,DTLA
1964,43704.0,LAX,DTLA
1965,43730.0,LAX,DTLA
1966,43784.0,LAX,DTLA
1967,43832.0,LAX,DTLA
1968,43833.0,LAX,DTLA
1969,43916.0,LAX,DTLA
1970,44084.0,LAX,DTLA
1971,44159.0,LAX,DTLA
1972,44321.0,LAX,DTLA
1973,44392.0,LAX,DTLA
1974,44699.0,LAX,DTLA
1975,44709.0,LAX,DTLA
1976,44711.0,LAX,DTLA
1977,44862.0,LAX,DTLA
1978,44867.0,LAX,DTLA
1979,44923.0,LAX,DTLA
1980,44983.0,LAX,DTLA
1981,44994.0,LAX,DTLA
1982,44999.0,LAX,DTLA
1983,45012.0,LAX,DTLA
1984,45071.0,LAX,DTLA
1985,45133.0,LAX,DTLA
1986,45143.0,LAX,DTLA
1987,45215.0,LAX,DTLA
1988,45230.0,LAX,DTLA
1989,45260.0,LAX,DTLA
1990,45261.0,LAX,DTLA
1991,45281.0,LAX,DTLA
1992,45311.0,LAX,DTLA
1993,45319.0,LAX,DTLA
1994,45320.0,LAX,DTLA
1995,45331.0,LAX,DTLA
1996,45444.0,LAX,DTLA
1997,45492.0,LAX,DTLA
1998,45513.0,LAX,DTLA
1999,45536.0,LAX,DTLA
2000,45591.0,LAX,DTLA
2001,45762.0,LAX,DTLA
2002,45817.0,LAX,DTLA
2003,45850.0,LAX,DTLA
2004,45911.0,LAX,DTLA
2005,45940.0,LAX,DTLA
2006,46310.0,LAX,DTLA
2007,46434.0,LAX,DTLA
2008,46454.0,LAX,DTLA
2009,46497.0,LAX,DTLA
2010,46501.0,LAX,DTLA
2011,46515.0,LAX,DTLA
2012,46658.0,LAX,DTLA
2013,46744.0,LAX,DTLA
2014,46753.0,LAX,DTLA
2015,46771.0,LAX,DTLA
2016,46825.0,LAX,DTLA
2017,46839.0,LAX,DTLA
2018,46840.0,LAX,DTLA
2019,46877.0,LAX,DTLA
2020,46897.0,LAX,DTLA
2021,46917.0,LAX,DTLA
2022,46924.0,LAX,DTLA
2023,46944.0,LAX,DTLA
2024,46953.0,LAX,DTLA
2025,46965.0,LAX,DTLA
2026,46965.0,LAX,DTLA
2027,46969.0,LAX,DTLA
2028,47025.0,LAX,DTLA
2029,47041.0,LAX,DTLA
2030,47042.0,LAX,DTLA
2031,47128.0,LAX,DTLA
2032,47166.0,LAX,DTLA
2033,47238.0,LAX,DTLA
2034,47306.0,LAX,DTLA
2035,47351.0,LAX,DTLA
2036,47527.0,LAX,DTLA
2037,47530.0,LAX,DTLA
2038,47559.0,LAX,DTLA
2039,47623.0,LAX,DTLA
2040,47638.0,LAX,DTLA
2041,47657.0,LAX,DTLA
2042,47657.0,LAX,DTLA
2043,47702.0,LAX,DTLA
2044,47772.0,LAX,DTLA
2045,47773.0,LAX,DTLA
2046,47780.0,LAX,DTLA
2047,47792.0,LAX,DTLA
2048,47800.0,LAX,DTLA
2049,47824.0,LAX,DTLA
2050,47826.0,LAX,DTLA
2051,47833.0,LAX,DTLA
2052,47903.0,LAX,DTLA
2053,47914.0,LAX,DTLA
2054,47930.0,LAX,DTLA
2055,48061.0,LAX,DTLA
2056,48085.0,LAX,DTLA
2057,48086.0,LAX,DTLA
2058,48153.0,LAX,DTLA
2059,48400.0,LAX,DTLA
2060,48435.0,LAX,DTLA
2061,48457.0,LAX,DTLA
2062,48529.0,LAX,DTLA
2063,48547.0,LAX,DTLA
2064,48581.0,LAX,DTLA
2065,48600.0,LAX,DTLA
2066,48629.0,LAX,DTLA
2067,48644.0,LAX,DTLA
2068,48704.0,LAX,DTLA
2069,48728.0,LAX,DTLA
2070,48739.0,LAX,DTLA
2071,48758.0,LAX,DTLA
2072,48784.0,LAX,DTLA
2073,48799.0,LAX,DTLA
2074,48862.0,LAX,DTLA
2075,48872.0,LAX,DTLA
2076,49161.0,LAX,DTLA
2077,49244.0,LAX,DTLA
2078,49304.0,LAX,DTLA
2079,49339.0,LAX,DTLA
2080,49358.0,LAX,DTLA
2081,49432.0,LAX,DTLA
2082,49445.0,LAX,DTLA
2083,49449.0,LAX,DTLA
2084,49545.0,LAX,DTLA
2085,49608.0,LAX,DTLA
2086,49678.0,LAX,DTLA
2087,49704.0,LAX,DTLA
2088,49812.0,LAX,DTLA
2089,49884.0,LAX,DTLA
2090,50006.0,LAX,DTLA
2091,50035.0,LAX,DTLA
2092,50235.0,LAX,DTLA
2093,50270.0,LAX,DTLA
2094,50321.0,LAX,DTLA
2095,50338.0,LAX,DTLA
2096,50398.0,LAX,DTLA
2097,50403.0,LAX,DTLA
2098,50445.0,LAX,DTLA
2099,50456.0,LAX,DTLA
2100,50481.0,LAX,DTLA
2101,50494.0,LAX,DTLA
2102,50531.0,LAX,DTLA
2103,50535.0,LAX,DTLA
2104,50560.0,LAX,DTLA
2105,50574.0,LAX,DTLA
2106,50575.0,LAX,DTLA
2107,50587.0,LAX,DTLA
2108,50613.0,LAX,DTLA
2109,50853.0,LAX,DTLA
2110,50859.0,LAX,DTLA
2111,51014.0,LAX,DTLA
2112,51034.0,LAX,DTLA
2113,51087.0,LAX,DTLA
2114,51197.0,LAX,DTLA
2115,51262.0,LAX,DTLA
2116,51275.0,LAX,DTLA
2117,51276.0,LAX,DTLA
2118,51339.0,LAX,DTLA
2119,51353.0,LAX,DTLA
2120,51366.0,LAX,DTLA
2121,51406.0,LAX,DTLA
2122,51439.0,LAX,DTLA
2123,51440.0,LAX,DTLA
2124,51447.0,LAX,DTLA
2125,51451.0,LAX,DTLA
2126,51454.0,LAX,DTLA
2127,51478.0,LAX,DTLA
2128,51622.0,LAX,DTLA
2129,51632.0,LAX,DTLA
2130,51686.0,LAX,DTLA
2131,51687.0,LAX,DTLA
2132,51725.0,LAX,DTLA
2133,51745.0,LAX,DTLA
2134,51753.0,LAX,DTLA
2135,51794.0,LAX,DTLA
2136,51943.0,LAX,DTLA
2137,51956.0,LAX,DTLA
2138,52014.0,LAX,DTLA
2139,52138.0,LAX,DTLA
2140,52155.0,LAX,DTLA
2141,52158.0,LAX,DTLA
2142,52159.0,LAX,DTLA
2143,52237.0,LAX,DTLA
2144,52264.0,LAX,DTLA
2145,52266.0,LAX,DTLA
2146,52383.0,LAX,DTLA
2147,52403.0,LAX,DTLA
2148,52502.0,LAX,DTLA
2149,52564.0,LAX,DTLA
2150,52687.0,LAX,DTLA
2151,52764.0,LAX,DTLA
2152,52793.0,LAX,DTLA
2153,52819.0,LAX,DTLA
2154,52846.0,LAX,DTLA
2155,52854.0,LAX,DTLA
2156,52957.0,LAX,DTLA
2157,52977.0,LAX,DTLA
2158,53066.0,LAX,DTLA
2159,53088.0,LAX,DTLA
2160,53122.0,LAX,DTLA
2161,53128.0,LAX,DTLA
2162,53136.0,LAX,DTLA
2163,53151.0,LAX,DTLA
2164,53173.0,LAX,DTLA
2165,53180.0,LAX,DTLA
2166,53187.0,LAX,DTLA
2167,53277.0,LAX,DTLA
2168,53340.0,LAX,DTLA
2169,53546.0,LAX,DTLA
2170,53630.0,LAX,DTLA
2171,53668.0,LAX,DTLA
2172,53675.0,LAX,DTLA
2173,53739.0,LAX,DTLA
2174,53758.0,LAX,DTLA
2175,53779.0,LAX,DTLA
2176,53785.0,LAX,DTLA
2177,53802.0,LAX,DTLA
2178,53821.0,LAX,DTLA
2179,53886.0,LAX,DTLA
2180,53892.0,LAX,DTLA
2181,53898.0,LAX,DTLA
2182,53953.0,LAX,DTLA
2183,54064.0,LAX,DTLA
2184,54077.0,LAX,DTLA
2185,54125.0,LAX,DTLA
2186,54138.0,LAX,DTLA
2187,54219.0,LAX,DTLA
2188,54231.0,LAX,DTLA
2189,54326.0,LAX,DTLA
2190,54396.0,LAX,DTLA
2191,54424.0,LAX,DTLA
2192,54443.0,LAX,DTLA
2193,54473.0,LAX,DTLA
2194,54560.0,LAX,DTLA
2195,54563.0,LAX,DTLA
2196,54574.0,LAX,DTLA
2197,54611.0,LAX,DTLA
2198,54739.0,LAX,DTLA
2199,54789.0,LAX,DTLA
2200,54877.0,LAX,DTLA
2201,54958.0,LAX,DTLA
2202,54961.0,LAX,DTLA
2203,55101.0,LAX,DTLA
2204,55164.0,LAX,DTLA
2205,55347.0,LAX,DTLA
2206,55357.0,LAX,DTLA
2207,55372.0,LAX,DTLA
2208,55373.0,LAX,DTLA
2209,55406.0,LAX,DTLA
2210,55407.0,LAX,DTLA
2211,55427.0,LAX,DTLA
2212,55476.0,LAX,DTLA
2213,55500.0,LAX,DTLA
2214,55504.0,LAX,DTLA
2215,55510.0,LAX,DTLA
2216,55676.0,LAX,DTLA
2217,55702.0,LAX,DTLA
2218,55734.0,LAX,DTLA
2219,55880.0,LAX,DTLA
2220,55920.0,LAX,DTLA
2221,55922.0,LAX,DTLA
2222,55968.0,LAX,DTLA
2223,55984.0,LAX,DTLA
2224,56015.0,LAX,DTLA
2225,56062.0,LAX,DTLA
2226,56078.0,LAX,DTLA
2227,56086.0,LAX,DTLA
2228,56121.0,LAX,DTLA
2229,56134.0,LAX,DTLA
2230,56191.0,LAX,DTLA
2231,56193.0,LAX,DTLA
2232,56243.0,LAX,DTLA
2233,56317.0,LAX,DTLA
2234,56326.0,LAX,DTLA
2235,56398.0,LAX,DTLA
2236,56400.0,LAX,DTLA
2237,56520.0,LAX,DTLA
2238,56610.0,LAX,DTLA
2239,56643.0,LAX,DTLA
2240,56831.0,LAX,DTLA
2241,56857.0,LAX,DTLA
2242,56936.0,LAX,DTLA
2243,56967.0,LAX,DTLA
2244,56990.0,LAX,DTLA
2245,57058.0,LAX,DTLA
2246,57112.0,LAX,DTLA
2247,57142.0,LAX,DTLA
2248,57147.0,LAX,DTLA
2249,57186.0,LAX,DTLA
2250,57327.0,LAX,DTLA
2251,57423.0,LAX,DTLA
2252,57449.0,LAX,DTLA
2253,57460.0,LAX,DTLA
2254,57470.0,LAX,DTLA
2255,57535.0,LAX,DTLA
2256,57666.0,LAX,DTLA
2257,57704.0,LAX,DTLA
2258,57706.0,LAX,DTLA
2259,57732.0,LAX,DTLA
2260,57785.0,LAX,DTLA
2261,57794.0,LAX,DTLA
2262,57875.0,LAX,DTLA
2263,58081.0,LAX,DTLA
2264,58084.0,LAX,DTLA
2265,58103.0,LAX,DTLA
2266,58107.0,LAX,DTLA
2267,58133.0,LAX,DTLA
2268,58137.0,LAX,DTLA
2269,58144.0,LAX,DTLA
2270,58159.0,LAX,DTLA
2271,58168.0,LAX,DTLA
2272,58183.0,LAX,DTLA
2273,58206.0,LAX,DTLA
2274,58255.0,LAX,DTLA
2275,58284.0,LAX,DTLA
2276,58346.0,LAX,DTLA
2277,58370.0,LAX,DTLA
2278,58412.0,LAX,DTLA
2279,58467.0,LAX,DTLA
2280,58769.0,LAX,DTLA
2281,58789.0,LAX,DTLA
2282,58908.0,LAX,DTLA
2283,58954.0,LAX,DTLA
2284,59105.0,LAX,DTLA
2285,59135.0,LAX,DTLA
2286,59205.0,LAX,DTLA
2287,59230.0,LAX,DTLA
2288,59273.0,LAX,DTLA
2289,59290.0,LAX,DTLA
2290,59341.0,LAX,DTLA
2291,59434.0,LAX,DTLA
2292,59461.0,LAX,DTLA
2293,59501.0,LAX,DTLA
2294,59504.0,LAX,DTLA
2295,59583.0,LAX,DTLA
2296,59599.0,LAX,DTLA
2297,59607.0,LAX,DTLA
2298,59622.0,LAX,DTLA
2299,59693.0,LAX,DTLA
2300,59753.0,LAX,DTLA
2301,59754.0,LAX,DTLA
2302,59785.0,LAX,DTLA
2303,59826.0,LAX,DTLA
2304,59835.0,LAX,DTLA
2305,59930.0,LAX,DTLA
2306,59987.0,LAX,DTLA
2307,60004.0,LAX,DTLA
2308,60030.0,LAX,DTLA
2309,60185.0,LAX,DTLA
2310,60192.0,LAX,DTLA
2311,60286.0,LAX,DTLA
2312,60365.0,LAX,DTLA
2313,60450.0,LAX,DTLA
2314,60485.0,LAX,DTLA
2315,60510.0,LAX,DTLA
2316,60534.0,LAX,DTLA
2317,60549.0,LAX,DTLA
2318,60573.0,LAX,DTLA
2319,60584.0,LAX,DTLA
2320,60601.0,LAX,DTLA
2321,60668.0,LAX,DTLA
2322,60701.0,LAX,DTLA
2323,60948.0,LAX,DTLA
2324,60967.0,LAX,DTLA
2325,61125.0,LAX,DTLA
2326,61214.0,LAX,DTLA
2327,61272.0,LAX,DTLA
2328,61284.0,LAX,DTLA
2329,61393.0,LAX,DTLA
2330,61416.0,LAX,DTLA
2331,61515.0,LAX,DTLA
2332,61527.0,LAX,DTLA
2333,61565.0,LAX,DTLA
2334,61613.0,LAX,DTLA
2335,61624.0,LAX,DTLA
2336,61681.0,LAX,DTLA
2337,61703.0,LAX,DTLA
2338,61709.0,LAX,DTLA
2339,61711.0,LAX,DTLA
2340,61717.0,LAX,DTLA
2341,61736.0,LAX,DTLA
2342,61755.0,LAX,DTLA
2343,61778.0,LAX,DTLA
2344,61783.0,LAX,DTLA
2345,61783.0,LAX,DTLA
2346,61816.0,LAX,DTLA
2347,61902.0,LAX,DTLA
2348,61907.0,LAX,DTLA
2349,61935.0,LAX,DTLA
2350,61940.0,LAX,DTLA
2351,61956.0,LAX,DTLA
2352,62037.0,LAX,DTLA
2353,62096.0,LAX,DTLA
2354,62101.0,LAX,DTLA
2355,62116.0,LAX,DTLA
2356,62146.0,LAX,DTLA
2357,62158.0,LAX,DTLA
2358,62169.0,LAX,DTLA
2359,62267.0,LAX,DTLA
2360,62297.0,LAX,DTLA
2361,62350.0,LAX,DTLA
2362,62361.0,LAX,DTLA
2363,62376.0,LAX,DTLA
2364,62381.0,LAX,DTLA
2365,62400.0,LAX,DTLA
2366,62466.0,LAX,DTLA
2367,62514.0,LAX,DTLA
2368,62534.0,LAX,DTLA
2369,62560.0,LAX,DTLA
2370,62569.0,LAX,DTLA
2371,62573.0,LAX,DTLA
2372,62576.0,LAX,DTLA
2373,62668.0,LAX,DTLA
2374,62679.0,LAX,DTLA
2375,62892.0,LAX,DTLA
2376,62949.0,LAX,DTLA
2377,62973.0,LAX,DTLA
2378,63139.0,LAX,DTLA
2379,63142.0,LAX,DTLA
2380,63361.0,LAX,DTLA
2381,63365.0,LAX,DTLA
2382,63400.0,LAX,DTLA
2383,63426.0,LAX,DTLA
2384,63492.0,LAX,DTLA
2385,63511.0,LAX,DTLA
2386,63531.0,LAX,DTLA
2387,63534.0,LAX,DTLA
2388,63537.0,LAX,DTLA
2389,63553.0,LAX,DTLA
2390,63556.0,LAX,DTLA
2391,63557.0,LAX,DTLA
2392,63566.0,LAX,DTLA
2393,63595.0,LAX,DTLA
2394,63634.0,LAX,DTLA
2395,63655.0,LAX,DTLA
2396,63688.0,LAX,DTLA
2397,63807.0,LAX,DTLA
2398,63905.0,LAX,DTLA
2399,64105.0,LAX,DTLA
2400,64135.0,LAX,DTLA
2401,64136.0,LAX,DTLA
2402,64139.0,LAX,DTLA
2403,64143.0,LAX,DTLA
2404,64152.0,LAX,DTLA
2405,64158.0,LAX,DTLA
2406,64173.0,LAX,DTLA
2407,64189.0,LAX,DTLA
2408,64250.0,LAX,DTLA
2409,64273.0,LAX,DTLA
2410,64275.0,LAX,DTLA
2411,64283.0,LAX,DTLA
2412,64290.0,LAX,DTLA
2413,64293.0,LAX,DTLA
2414,64315.0,LAX,DTLA
2415,64323.0,LAX,DTLA
2416,64328.0,LAX,DTLA
2417,64335.0,LAX,DTLA
2418,64362.0,LAX,DTLA
2419,64375.0,LAX,DTLA
2420,64480.0,LAX,DTLA
2421,64711.0,LAX,DTLA
2422,64717.0,LAX,DTLA
2423,64868.0,LAX,DTLA
2424,64893.0,LAX,DTLA
2425,64967.0,LAX,DTLA
2426,64979.0,LAX,DTLA
2427,65074.0,LAX,DTLA
2428,65253.0,LAX,DTLA
2429,65317.0,LAX,DTLA
2430,65523.0,LAX,DTLA
2431,65600.0,LAX,DTLA
2432,65622.0,LAX,DTLA
2433,65627.0,LAX,DTLA
2434,65629.0,LAX,DTLA
2435,65712.0,LAX,DTLA
2436,65720.0,LAX,DTLA
2437,65763.0,LAX,DTLA
2438,65829.0,LAX,DTLA
2439,65868.0,LAX,DTLA
2440,65870.0,LAX,DTLA
2441,65875.0,LAX,DTLA
2442,65889.0,LAX,DTLA
2443,65939.0,LAX,DTLA
2444,65951.0,LAX,DTLA
2445,65957.0,LAX,DTLA
2446,65976.0,LAX,DTLA
2447,66009.0,LAX,DTLA
2448,66015.0,LAX,DTLA
2449,66023.0,LAX,DTLA
2450,66038.0,LAX,DTLA
2451,66076.0,LAX,DTLA
2452,66079.0,LAX,DTLA
2453,66107.0,LAX,DTLA
2454,66123.0,LAX,DTLA
2455,66126.0,LAX,DTLA
2456,66178.0,LAX,DTLA
2457,66211.0,LAX,DTLA
2458,66275.0,LAX,DTLA
2459,66305.0,LAX,DTLA
2460,66327.0,LAX,DTLA
2461,66568.0,LAX,DTLA
2462,66659.0,LAX,DTLA
2463,66701.0,LAX,DTLA
2464,66740.0,LAX,DTLA
2465,66764.0,LAX,DTLA
2466,66792.0,LAX,DTLA
2467,66816.0,LAX,DTLA
2468,66952.0,LAX,DTLA
2469,67235.0,LAX,DTLA
2470,67244.0,LAX,DTLA
2471,67248.0,LAX,DTLA
2472,67324.0,LAX,DTLA
2473,67348.0,LAX,DTLA
2474,67418.0,LAX,DTLA
2475,67560.0,LAX,DTLA
2476,67645.0,LAX,DTLA
2477,67731.0,LAX,DTLA
2478,67797.0,LAX,DTLA
2479,67805.0,LAX,DTLA
2480,67850.0,LAX,DTLA
2481,67891.0,LAX,DTLA
2482,67965.0,LAX,DTLA
2483,67983.0,LAX,DTLA
2484,68067.0,LAX,DTLA
2485,68130.0,LAX,DTLA
2486,68182.0,LAX,DTLA
2487,68222.0,LAX,DTLA
2488,68239.0,LAX,DTLA
2489,68256.0,LAX,DTLA
2490,68321.0,LAX,DTLA
2491,68434.0,LAX,DTLA
2492,68466.0,LAX,DTLA
2493,68649.0,LAX,DTLA
2494,68697.0,LAX,DTLA
2495,68701.0,LAX,DTLA
2496,68932.0,LAX,DTLA
2497,68941.0,LAX,DTLA
2498,68990.0,LAX,DTLA
2499,69012.0,LAX,DTLA
2500,69026.0,LAX,DTLA
2501,69036.0,LAX,DTLA
2502,69164.0,LAX,DTLA
2503,69312.0,LAX,DTLA
2504,69323.0,LAX,DTLA
2505,69339.0,LAX,DTLA
2506,69348.0,LAX,DTLA
2507,69366.0,LAX,DTLA
2508,69379.0,LAX,DTLA
2509,69396.0,LAX,DTLA
2510,69465.0,LAX,DTLA
2511,69467.0,LAX,DTLA
2512,69640.0,LAX,DTLA
2513,69681.0,LAX,DTLA
2514,69746.0,LAX,DTLA
2515,69767.0,LAX,DTLA
2516,69804.0,LAX,DTLA
2517,69884.0,LAX,DTLA
2518,69915.0,LAX,DTLA
2519,70004.0,LAX,DTLA
2520,70092.0,LAX,DTLA
2521,70117.0,LAX,DTLA
2522,70149.0,LAX,DTLA
2523,70172.0,LAX,DTLA
2524,70179.0,LAX,DTLA
2525,70185.0,LAX,DTLA
2526,70213.0,LAX,DTLA
2527,70216.0,LAX,DTLA
2528,70278.0,LAX,DTLA
2529,70306.0,LAX,DTLA
2530,70499.0,LAX,DTLA
2531,70512.0,LAX,DTLA
2532,70522.0,LAX,DTLA
2533,70563.0,LAX,DTLA
2534,70570.0,LAX,DTLA
2535,70585.0,LAX,DTLA
2536,70627.0,LAX,DTLA
2537,70646.0,LAX,DTLA
2538,70745.0,LAX,DTLA
2539,70872.0,LAX,DTLA
2540,70875.0,LAX,DTLA
2541,70922.0,LAX,DTLA
2542,70942.0,LAX,DTLA
2543,70981.0,LAX,DTLA
2544,71030.0,LAX,DTLA
2545,71031.0,LAX,DTLA
2546,71080.0,LAX,DTLA
2547,71109.0,LAX,DTLA
2548,71114.0,LAX,DTLA
2549,71126.0,LAX,DTLA
2550,71167.0,LAX,DTLA
2551,71333.0,LAX,DTLA
2552,71388.0,LAX,DTLA
2553,71522.0,LAX,DTLA
2554,71542.0,LAX,DTLA
2555,71547.0,LAX,DTLA
2556,71642.0,LAX,DTLA
2557,71670.0,LAX,DTLA
2558,71818.0,LAX,DTLA
2559,71842.0,LAX,DTLA
2560,71843.0,LAX,DTLA
2561,71887.0,LAX,DTLA
2562,71914.0,LAX,DTLA
2563,71945.0,LAX,DTLA
2564,71945.0,LAX,DTLA
2565,71984.0,LAX,DTLA
2566,72041.0,LAX,DTLA
2567,72044.0,LAX,DTLA
2568,72146.0,LAX,DTLA
2569,72238.0,LAX,DTLA
2570,72249.0,LAX,DTLA
2571,72279.0,LAX,DTLA
2572,72287.0,LAX,DTLA
2573,72288.0,LAX,DTLA
2574,72314.0,LAX,DTLA
2575,72336.0,LAX,DTLA
2576,72350.0,LAX,DTLA
2577,72367.0,LAX,DTLA
2578,72380.0,LAX,DTLA
2579,72389.0,LAX,DTLA
2580,72422.0,LAX,DTLA
2581,72449.0,LAX,DTLA
2582,72479.0,LAX,DTLA
2583,72520.0,LAX,DTLA
2584,72627.0,LAX,DTLA
2585,72660.0,LAX,DTLA
2586,72664.0,LAX,DTLA
2587,72754.0,LAX,DTLA
2588,72799.0,LAX,DTLA
2589,72805.0,LAX,DTLA
2590,72820.0,LAX,DTLA
2591,72845.0,LAX,DTLA
2592,72853.0,LAX,DTLA
2593,72895.0,LAX,DTLA
2594,72899.0,LAX,DTLA
2595,73014.0,LAX,DTLA
2596,73173.0,LAX,DTLA
2597,73174.0,LAX,DTLA
2598,73314.0,LAX,DTLA
2599,73419.0,LAX,DTLA
2600,73440.0,LAX,DTLA
2601,73454.0,LAX,DTLA
2602,73459.0,LAX,DTLA
2603,73489.0,LAX,DTLA
2604,73520.0,LAX,DTLA
2605,73545.0,LAX,DTLA
2606,73613.0,LAX,DTLA
2607,73875.0,LAX,DTLA
2608,73903.0,LAX,DTLA
2609,73911.0,LAX,DTLA
2610,73942.0,LAX,DTLA
2611,73978.0,LAX,DTLA
2612,74033.0,LAX,DTLA
2613,74070.0,LAX,DTLA
2614,74100.0,LAX,DTLA
2615,74102.0,LAX,DTLA
2616,74174.0,LAX,DTLA
2617,74200.0,LAX,DTLA
2618,74206.0,LAX,DTLA
2619,74270.0,LAX,DTLA
2620,74308.0,LAX,DTLA
2621,74322.0,LAX,DTLA
2622,74729.0,LAX,DTLA
2623,74761.0,LAX,DTLA
2624,74773.0,LAX,DTLA
2625,74793.0,LAX,DTLA
2626,74812.0,LAX,DTLA
2627,74822.0,LAX,DTLA
2628,74824.0,LAX,DTLA
2629,74837.0,LAX,DTLA
2630,74841.0,LAX,DTLA
2631,74899.0,LAX,DTLA
2632,74914.0,LAX,DTLA
2633,74947.0,LAX,DTLA
2634,74956.0,LAX,DTLA
2635,74969.0,LAX,DTLA
2636,75015.0,LAX,DTLA
2637,75018.0,LAX,DTLA
2638,75033.0,LAX,DTLA
2639,75039.0,LAX,DTLA
2640,75084.0,LAX,DTLA
2641,75332.0,LAX,DTLA
2642,75390.0,LAX,DTLA
2643,75412.0,LAX,DTLA
2644,75447.0,LAX,DTLA
2645,75485.0,LAX,DTLA
2646,75530.0,LAX,DTLA
2647,75572.0,LAX,DTLA
2648,75659.0,LAX,DTLA
2649,75774.0,LAX,DTLA
2650,75793.0,LAX,DTLA
2651,75793.0,LAX,DTLA
2652,75802.0,LAX,DTLA
2653,75827.0,LAX,DTLA
2654,75833.0,LAX,DTLA
2655,75838.0,LAX,DTLA
2656,75848.0,LAX,DTLA
2657,75856.0,LAX,DTLA
2658,75856.0,LAX,DTLA
2659,75896.0,LAX,DTLA
2660,75900.0,LAX,DTLA
2661,75923.0,LAX,DTLA
2662,75927.0,LAX,DTLA
2663,75939.0,LAX,DTLA
2664,75955.0,LAX,DTLA
2665,75975.0,LAX,DTLA
2666,75978.0,LAX,DTLA
2667,76026.0,LAX,DTLA
2668,76044.0,LAX,DTLA
2669,76049.0,LAX,DTLA
2670,76051.0,LAX,DTLA
2671,76107.0,LAX,DTLA
2672,76119.0,LAX,DTLA
2673,76184.0,LAX,DTLA
2674,76223.0,LAX,DTLA
2675,76229.0,LAX,DTLA
2676,76538.0,LAX,DTLA
2677,76574.0,LAX,DTLA
2678,76585.0,LAX,DTLA
2679,76652.0,LAX,DTLA
2680,76748.0,LAX,DTLA
2681,76771.0,LAX,DTLA
2682,76778.0,LAX,DTLA
2683,76807.0,LAX,DTLA
2684,76847.0,LAX,DTLA
2685,76867.0,LAX,DTLA
2686,76927.0,LAX,DTLA
2687,76967.0,LAX,DTLA
2688,77059.0,LAX,DTLA
2689,77084.0,LAX,DTLA
2690,77107.0,LAX,DTLA
2691,77142.0,LAX,DTLA
2692,77142.0,LAX,DTLA
2693,77147.0,LAX,DTLA
2694,77170.0,LAX,DTLA
2695,77188.0,LAX,DTLA
2696,77221.0,LAX,DTLA
2697,77234.0,LAX,DTLA
2698,77257.0,LAX,DTLA
2699,77270.0,LAX,DTLA
2700,77292.0,LAX,DTLA
2701,77344.0,LAX,DTLA
2702,77374.0,LAX,DTLA
2703,77462.0,LAX,DTLA
2704,77492.0,LAX,DTLA
2705,77515.0,LAX,DTLA
2706,77577.0,LAX,DTLA
2707,77784.0,LAX,DTLA
2708,77888.0,LAX,DTLA
2709,77889.0,LAX,DTLA
2710,77900.0,LAX,DTLA
2711,77915.0,LAX,DTLA
2712,77920.0,LAX,DTLA
2713,77932.0,LAX,DTLA
2714,77937.0,LAX,DTLA
2715,77938.0,LAX,DTLA
2716,77969.0,LAX,DTLA
2717,78001.0,LAX,DTLA
2718,78030.0,LAX,DTLA
2719,78031.0,LAX,DTLA
2720,78088.0,LAX,DTLA
2721,78098.0,LAX,DTLA
2722,78163.0,LAX,DTLA
2723,78239.0,LAX,DTLA
2724,78558.0,LAX,DTLA
2725,78567.0,LAX,DTLA
2726,78629.0,LAX,DTLA
2727,78662.0,LAX,DTLA
2728,78695.0,LAX,DTLA
2729,78737.0,LAX,DTLA
2730,78764.0,LAX,DTLA
2731,78776.0,LAX,DTLA
2732,78830.0,LAX,DTLA
2733,78830.0,LAX,DTLA
2734,78850.0,LAX,DTLA
2735,78874.0,LAX,DTLA
2736,78930.0,LAX,DTLA
2737,78933.0,LAX,DTLA
2738,78953.0,LAX,DTLA
2739,78976.0,LAX,DTLA
2740,79030.0,LAX,DTLA
2741,79034.0,LAX,DTLA
2742,79182.0,LAX,DTLA
2743,79285.0,LAX,DTLA
2744,79301.0,LAX,DTLA
2745,79392.0,LAX,DTLA
2746,79491.0,LAX,DTLA
2747,79495.0,LAX,DTLA
2748,79499.0,LAX,DTLA
2749,79522.0,LAX,DTLA
2750,79537.0,LAX,DTLA
2751,79549.0,LAX,DTLA
2752,79591.0,LAX,DTLA
2753,79625.0,LAX,DTLA
2754,79673.0,LAX,DTLA
2755,79674.0,LAX,DTLA
2756,79688.0,LAX,DTLA
2757,79695.0,LAX,DTLA
2758,79714.0,LAX,DTLA
2759,79717.0,LAX,DTLA
2760,79752.0,LAX,DTLA
2761,79781.0,LAX,DTLA
2762,79791.0,LAX,DTLA
2763,79801.0,LAX,DTLA
2764,79895.0,LAX,DTLA
2765,79930.0,LAX,DTLA
2766,79967.0,LAX,DTLA
2767,79975.0,LAX,DTLA
2768,79994.0,LAX,DTLA
2769,80015.0,LAX,DTLA
2770,80079.0,LAX,DTLA
2771,80092.0,LAX,DTLA
2772,80092.0,LAX,DTLA
2773,80104.0,LAX,DTLA
2774,80147.0,LAX,DTLA
2775,80235.0,LAX,DTLA
2776,80311.0,LAX,DTLA
2777,80501.0,LAX,DTLA
2778,80584.0,LAX,DTLA
2779,80652.0,LAX,DTLA
2780,80663.0,LAX,DTLA
2781,80670.0,LAX,DTLA
2782,80692.0,LAX,DTLA
2783,80701.0,LAX,DTLA
2784,80706.0,LAX,DTLA
2785,80731.0,LAX,DTLA
2786,80735.0,LAX,DTLA
2787,80782.0,LAX,DTLA
2788,80891.0,LAX,DTLA
2789,80974.0,LAX,DTLA
2790,80982.0,LAX,DTLA
2791,80982.0,LAX,DTLA
2792,81034.0,LAX,DTLA
2793,81043.0,LAX,DTLA
2794,81088.0,LAX,DTLA
2795,81141.0,LAX,DTLA
2796,81178.0,LAX,DTLA
2797,81188.0,LAX,DTLA
2798,81208.0,LAX,DTLA
2799,81259.0,LAX,DTLA
2800,81276.0,LAX,DTLA
2801,81305.0,LAX,DTLA
2802,81306.0,LAX,DTLA
2803,81313.0,LAX,DTLA
2804,81327.0,LAX,DTLA
2805,81357.0,LAX,DTLA
2806,81357.0,LAX,DTLA
2807,81363.0,LAX,DTLA
2808,81405.0,LAX,DTLA
2809,81427.0,LAX,DTLA
2810,81437.0,LAX,DTLA
2811,81455.0,LAX,DTLA
2812,81461.0,LAX,DTLA
2813,81464.0,LAX,DTLA
2814,81501.0,LAX,DTLA
2815,81505.0,LAX,DTLA
2816,81518.0,LAX,DTLA
2817,81558.0,LAX,DTLA
2818,81569.0,LAX,DTLA
2819,81619.0,LAX,DTLA
2820,81648.0,LAX,DTLA
2821,81742.0,LAX,DTLA
2822,81780.0,LAX,DTLA
2823,81824.0,LAX,DTLA
2824,81897.0,LAX,DTLA
2825,81925.0,LAX,DTLA
2826,81989.0,LAX,DTLA
2827,82048.0,LAX,DTLA
2828,82081.0,LAX,DTLA
2829,82102.0,LAX,DTLA
2830,82157.0,LAX,DTLA
2831,82199.0,LAX,DTLA
2832,82245.0,LAX,DTLA
2833,82292.0,LAX,DTLA
2834,82342.0,LAX,DTLA
2835,82373.0,LAX,DTLA
2836,82395.0,LAX,DTLA
2837,82433.0,LAX,DTLA
2838,82470.0,LAX,DTLA
2839,82476.0,LAX,DTLA
2840,82479.0,LAX,DTLA
2841,82498.0,LAX,DTLA
2842,82507.0,LAX,DTLA
2843,82536.0,LAX,DTLA
2844,82626.0,LAX,DTLA
2845,82636.0,LAX,DTLA
2846,82673.0,LAX,DTLA
2847,82715.0,LAX,DTLA
2848,82760.0,LAX,DTLA
2849,82771.0,LAX,DTLA
2850,82843.0,LAX,DTLA
2851,82862.0,LAX,DTLA
2852,82913.0,LAX,DTLA
2853,83001.0,LAX,DTLA
2854,83011.0,LAX,DTLA
2855,83012.0,LAX,DTLA
2856,83106.0,LAX,DTLA
2857,83143.0,LAX,DTLA
2858,83331.0,LAX,DTLA
2859,83362.0,LAX,DTLA
2860,83528.0,LAX,DTLA
2861,83543.0,LAX,DTLA
2862,83701.0,LAX,DTLA
2863,83710.0,LAX,DTLA
2864,83939.0,LAX,DTLA
2865,83999.0,LAX,DTLA
2866,84155.0,LAX,DTLA
2867,84198.0,LAX,DTLA
2868,84279.0,LAX,DTLA
2869,84317.0,LAX,DTLA
2870,84324.0,LAX,DTLA
2871,84327.0,LAX,DTLA
2872,84328.0,LAX,DTLA
2873,84354.0,LAX,DTLA
2874,84356.0,LAX,DTLA
2875,84531.0,LAX,DTLA
2876,84687.0,LAX,DTLA
2877,84745.0,LAX,DTLA
2878,84748.0,LAX,DTLA
2879,84813.0,LAX,DTLA
2880,84850.0,LAX,DTLA
2881,84883.0,LAX,DTLA
2882,84884.0,LAX,DTLA
2883,84985.0,LAX,DTLA
2884,84995.0,LAX,DTLA
2885,85028.0,LAX,DTLA
2886,85029.0,LAX,DTLA
2887,85075.0,LAX,DTLA
2888,85090.0,LAX,DTLA
2889,85141.0,LAX,DTLA
2890,85197.0,LAX,DTLA
2891,85244.0,LAX,DTLA
2892,85292.0,LAX,DTLA
2893,85302.0,LAX,DTLA
2894,85335.0,LAX,DTLA
2895,85366.0,LAX,DTLA
2896,85403.0,LAX,DTLA
2897,85453.0,LAX,DTLA
2898,85702.0,LAX,DTLA
2899,85761.0,LAX,DTLA
2900,85785.0,LAX,DTLA
2901,85873.0,LAX,DTLA
2902,85890.0,LAX,DTLA
2903,86115.0,LAX,DTLA
2904,86158.0,LAX,DTLA
2905,86164.0,LAX,DTLA
2906,86186.0,LAX,DTLA
2907,86207.0,LAX,DTLA
2908,86262.0,LAX,DTLA
2909,86291.0,LAX,DTLA
2910,86343.0,LAX,DTLA
2911,86353.0,LAX,DTLA
2912,86358.0,LAX,DTLA
2913,86379.0,LAX,DTLA
2914,86384.0,LAX,DTLA
2915,86389.0,LAX,DTLA
